game_id,game_date,home_team_id,away_team_id,home_score,away_score,status
823081,2026-03-26,STL,TB,9,7,Final
823163,2026-03-26,SEA,CLE,4,6,Final
823325,2026-03-26,SD,DET,2,8,Final
823486,2026-03-26,PHI,TEX,5,3,Final
823649,2026-03-26,NYM,PIT,11,7,Final
823812,2026-03-26,MIL,CWS,14,2,Final
823974,2026-03-26,LAD,ARI,8,2,Final
824218,2026-03-26,HOU,LAA,0,3,Final
824541,2026-03-26,CIN,BOS,0,3,Final
824704,2026-03-26,CHC,WSH,4,10,Final
824865,2026-03-26,BAL,MIN,2,1,Final
822839,2026-03-27,TOR,OAK,3,2,Final
823162,2026-03-27,SEA,CLE,5,1,Final
823243,2026-03-27,SF,NYY,0,3,Final
823324,2026-03-27,SD,DET,2,5,Final
823893,2026-03-27,MIA,COL,2,1,Final
823971,2026-03-27,LAD,ARI,5,4,Final
824216,2026-03-27,HOU,LAA,2,6,Final
824946,2026-03-27,ATL,KC,6,0,Final
822838,2026-03-28,TOR,OAK,8,7,Final
823082,2026-03-28,STL,TB,6,5,Final
823161,2026-03-28,SEA,CLE,5,6,Final
823241,2026-03-28,SF,NYY,1,3,Final
823323,2026-03-28,SD,DET,3,0,Final
823488,2026-03-28,PHI,TEX,4,5,Final
823651,2026-03-28,NYM,PIT,4,2,Final
823811,2026-03-28,MIL,CWS,6,1,Final
823892,2026-03-28,MIA,COL,4,3,Final
823973,2026-03-28,LAD,ARI,3,2,Final
824213,2026-03-28,HOU,LAA,11,9,Final
824540,2026-03-28,CIN,BOS,6,5,Final
824701,2026-03-28,CHC,WSH,10,2,Final
824862,2026-03-28,BAL,MIN,1,4,Final
824945,2026-03-28,ATL,KC,6,2,Final
822837,2026-03-29,TOR,OAK,5,2,Final
823079,2026-03-29,STL,TB,7,11,Final
823160,2026-03-29,SEA,CLE,8,0,Final
823487,2026-03-29,PHI,TEX,3,8,Final
823647,2026-03-29,NYM,PIT,3,4,Final
823810,2026-03-29,MIL,CWS,9,7,Final
823891,2026-03-29,MIA,COL,4,3,Final
824215,2026-03-29,HOU,LAA,9,7,Final
824538,2026-03-29,CIN,BOS,3,2,Final
824700,2026-03-29,CHC,WSH,3,6,Final
824864,2026-03-29,BAL,MIN,8,6,Final
824944,2026-03-29,ATL,KC,1,4,Final
822834,2026-03-30,TOR,COL,5,14,Final
823080,2026-03-30,STL,NYM,2,4,Final
823159,2026-03-30,SEA,NYY,2,1,Final
823320,2026-03-30,SD,SF,2,3,Final
823484,2026-03-30,PHI,WSH,2,13,Final
823809,2026-03-30,MIL,TB,2,3,Final
823890,2026-03-30,MIA,CWS,4,9,Final
823972,2026-03-30,LAD,CLE,2,4,Final
824135,2026-03-30,KC,MIN,3,1,Final
824214,2026-03-30,HOU,BOS,8,1,Final
824539,2026-03-30,CIN,PIT,2,0,Final
824702,2026-03-30,CHC,LAA,7,2,Final
824863,2026-03-30,BAL,TEX,2,5,Final
824943,2026-03-30,ATL,OAK,4,0,Final
825108,2026-03-30,ARI,DET,9,6,Final
822836,2026-03-31,TOR,COL,5,1,Final
823077,2026-03-31,STL,NYM,3,0,Final
823158,2026-03-31,SEA,NYY,0,5,Final
823322,2026-03-31,SD,SF,3,9,Final
823485,2026-03-31,PHI,WSH,3,2,Final
823807,2026-03-31,MIL,TB,6,2,Final
823888,2026-03-31,MIA,CWS,9,2,Final
823969,2026-03-31,LAD,CLE,4,1,Final
824212,2026-03-31,HOU,BOS,9,2,Final
824537,2026-03-31,CIN,PIT,3,8,Final
824699,2026-03-31,CHC,LAA,0,2,Final
824861,2026-03-31,BAL,TEX,5,8,Final
824942,2026-03-31,ATL,OAK,2,5,Final
825107,2026-03-31,ARI,DET,7,5,Final
822835,2026-04-01,TOR,COL,1,2,Final
823078,2026-04-01,STL,NYM,2,1,Final
823157,2026-04-01,SEA,NYY,3,5,Final
823321,2026-04-01,SD,SF,7,1,Final
823483,2026-04-01,PHI,WSH,6,5,Final
823806,2026-04-01,MIL,TB,8,2,Final
823889,2026-04-01,MIA,CWS,10,0,Final
823970,2026-04-01,LAD,CLE,1,4,Final
824136,2026-04-01,KC,MIN,13,9,Final
824211,2026-04-01,HOU,BOS,6,4,Final
824536,2026-04-01,CIN,PIT,3,8,Final
824698,2026-04-01,CHC,LAA,6,2,Final
824860,2026-04-01,BAL,TEX,8,3,Final
824940,2026-04-01,ATL,OAK,5,1,Final
825106,2026-04-01,ARI,DET,1,0,Final
823242,2026-04-02,SF,NYM,7,2,Final
824133,2026-04-02,KC,MIN,1,5,Final
825105,2026-04-02,ARI,ATL,2,17,Final
822758,2026-04-03,WSH,LAD,6,13,Final
822919,2026-04-03,TEX,CIN,3,5,Final
823240,2026-04-03,SF,NYM,3,10,Final
823406,2026-04-03,PIT,BAL,5,4,Final
823568,2026-04-03,NYY,MIA,8,2,Final
823732,2026-04-03,MIN,TB,10,4,Final
824056,2026-04-03,LAA,SEA,1,3,Final
824299,2026-04-03,DET,STL,4,0,Final
824377,2026-04-03,COL,PHI,1,10,Final
824458,2026-04-03,CLE,CHC,4,1,Final
824621,2026-04-03,CWS,TOR,5,4,Final
824786,2026-04-03,BOS,SD,5,2,Final
825026,2026-04-03,OAK,HOU,11,4,Final
825103,2026-04-03,ARI,ATL,0,2,Final
822757,2026-04-04,WSH,LAD,5,10,Final
822920,2026-04-04,TEX,CIN,0,2,Final
823239,2026-04-04,SF,NYM,0,9,Final
823404,2026-04-04,PIT,BAL,3,2,Final
823569,2026-04-04,NYY,MIA,9,7,Final
823730,2026-04-04,MIN,TB,1,7,Final
824054,2026-04-04,LAA,SEA,1,0,Final
824132,2026-04-04,KC,MIL,2,5,Final
824134,2026-04-04,KC,MIL,8,2,Final
824295,2026-04-04,DET,STL,11,6,Completed Early
824378,2026-04-04,COL,PHI,1,2,Final
824622,2026-04-04,CWS,TOR,6,3,Final
824782,2026-04-04,BOS,SD,2,3,Final
825027,2026-04-04,OAK,HOU,0,11,Final
825104,2026-04-04,ARI,ATL,2,1,Final
822756,2026-04-05,WSH,LAD,6,8,Final
822917,2026-04-05,TEX,CIN,1,2,Final
823238,2026-04-05,SF,NYM,2,5,Final
823405,2026-04-05,PIT,BAL,8,2,Final
823566,2026-04-05,NYY,MIA,6,7,Final
823729,2026-04-05,MIN,TB,1,4,Final
824053,2026-04-05,LAA,SEA,8,7,Final
824131,2026-04-05,KC,MIL,5,8,Final
824296,2026-04-05,DET,STL,3,5,Final
824379,2026-04-05,COL,PHI,4,1,Final
824459,2026-04-05,CLE,CHC,0,1,Final
824460,2026-04-05,CLE,CHC,6,5,Final
824620,2026-04-05,CWS,TOR,3,0,Final
824781,2026-04-05,BOS,SD,6,8,Final
825025,2026-04-05,OAK,HOU,12,10,Final
825102,2026-04-05,ARI,ATL,6,5,Final
822755,2026-04-06,WSH,STL,9,6,Final
822832,2026-04-06,TOR,LAD,2,14,Final
822918,2026-04-06,TEX,SEA,2,1,Final
823002,2026-04-06,TB,CHC,6,4,Final
823237,2026-04-06,SF,PHI,4,6,Final
823401,2026-04-06,PIT,SD,0,5,Final
823728,2026-04-06,MIN,DET,7,3,Final
823886,2026-04-06,MIA,CIN,0,2,Final
824052,2026-04-06,LAA,ATL,6,2,Final
824376,2026-04-06,COL,HOU,9,7,Final
824456,2026-04-06,CLE,KC,2,4,Final
824619,2026-04-06,CWS,BAL,1,2,Final
824783,2026-04-06,BOS,MIL,6,8,Final
822754,2026-04-07,WSH,STL,6,7,Final
822831,2026-04-07,TOR,LAD,1,4,Final
822916,2026-04-07,TEX,SEA,3,2,Final
822999,2026-04-07,TB,CHC,2,9,Final
823235,2026-04-07,SF,PHI,6,0,Final
823402,2026-04-07,PIT,SD,7,1,Final
823567,2026-04-07,NYY,OAK,5,3,Final
823648,2026-04-07,NYM,ARI,4,3,Final
823727,2026-04-07,MIN,DET,4,2,Final
823887,2026-04-07,MIA,CIN,3,6,Final
824051,2026-04-07,LAA,ATL,2,7,Final
824375,2026-04-07,COL,HOU,5,1,Final
824457,2026-04-07,CLE,KC,2,1,Final
824618,2026-04-07,CWS,BAL,2,4,Final
824780,2026-04-07,BOS,MIL,3,2,Final
822753,2026-04-08,WSH,STL,1,6,Final
822833,2026-04-08,TOR,LAD,4,3,Final
822915,2026-04-08,TEX,SEA,3,0,Final
823000,2026-04-08,TB,CHC,2,6,Final
823234,2026-04-08,SF,PHI,5,0,Final
823403,2026-04-08,PIT,SD,2,8,Final
823564,2026-04-08,NYY,OAK,2,3,Final
823646,2026-04-08,NYM,ARI,2,7,Final
823726,2026-04-08,MIN,DET,8,6,Final
823885,2026-04-08,MIA,CIN,7,4,Final
824050,2026-04-08,LAA,ATL,2,8,Final
824374,2026-04-08,COL,HOU,9,1,Final
824455,2026-04-08,CLE,KC,10,2,Final
824617,2026-04-08,CWS,BAL,3,5,Final
824779,2026-04-08,BOS,MIL,5,0,Final
823319,2026-04-09,SD,COL,7,3,Final
823565,2026-04-09,NYY,OAK,0,1,Final
823645,2026-04-09,NYM,ARI,1,7,Final
823724,2026-04-09,MIN,DET,3,1,Final
823884,2026-04-09,MIA,CIN,8,1,Final
824130,2026-04-09,KC,CWS,0,2,Final
822829,2026-04-10,TOR,MIN,10,4,Final
822997,2026-04-10,TB,NYY,5,3,Final
823076,2026-04-10,STL,BOS,3,2,Final
823156,2026-04-10,SEA,HOU,9,6,Final
823318,2026-04-10,SD,COL,5,2,Final
823482,2026-04-10,PHI,ARI,4,5,Final
823643,2026-04-10,NYM,OAK,0,4,Final
823808,2026-04-10,MIL,WSH,3,7,Final
823968,2026-04-10,LAD,TEX,8,7,Final
824128,2026-04-10,KC,CWS,2,0,Final
824297,2026-04-10,DET,MIA,2,0,Final
824534,2026-04-10,CIN,LAA,2,10,Final
824695,2026-04-10,CHC,PIT,0,2,Final
824858,2026-04-10,BAL,SF,3,6,Final
824941,2026-04-10,ATL,CLE,11,5,Final
822830,2026-04-11,TOR,MIN,4,7,Final
822996,2026-04-11,TB,NYY,5,4,Final
823074,2026-04-11,STL,BOS,1,7,Final
823155,2026-04-11,SEA,HOU,8,7,Final
823316,2026-04-11,SD,COL,9,5,Final
823480,2026-04-11,PHI,ARI,4,3,Final
823644,2026-04-11,NYM,OAK,6,11,Final
823805,2026-04-11,MIL,WSH,1,3,Final
823967,2026-04-11,LAD,TEX,6,3,Final
824129,2026-04-11,KC,CWS,2,0,Final
824294,2026-04-11,DET,MIA,6,1,Final
824535,2026-04-11,CIN,LAA,7,3,Final
824697,2026-04-11,CHC,PIT,3,4,Final
824857,2026-04-11,BAL,SF,6,2,Final
824939,2026-04-11,ATL,CLE,0,6,Final
822828,2026-04-12,TOR,MIN,2,8,Final
822998,2026-04-12,TB,NYY,5,4,Final
823075,2026-04-12,STL,BOS,3,9,Final
823154,2026-04-12,SEA,HOU,6,1,Final
823317,2026-04-12,SD,COL,7,2,Final
823479,2026-04-12,PHI,ARI,3,4,Final
823642,2026-04-12,NYM,OAK,0,1,Final
823804,2026-04-12,MIL,WSH,6,8,Final
823966,2026-04-12,LAD,TEX,2,5,Final
824126,2026-04-12,KC,CWS,5,6,Final
824293,2026-04-12,DET,MIA,8,2,Final
824533,2026-04-12,CIN,LAA,6,9,Final
824696,2026-04-12,CHC,PIT,7,6,Final
824859,2026-04-12,BAL,SF,6,2,Final
824938,2026-04-12,ATL,CLE,13,1,Final
823073,2026-04-13,STL,CLE,3,9,Final
823153,2026-04-13,SEA,HOU,6,2,Final
823400,2026-04-13,PIT,WSH,16,5,Final
823481,2026-04-13,PHI,CHC,13,7,Final
823563,2026-04-13,NYY,LAA,11,10,Final
823725,2026-04-13,MIN,BOS,13,6,Final
823964,2026-04-13,LAD,NYM,4,0,Final
824856,2026-04-13,BAL,ARI,9,7,Final
824937,2026-04-13,ATL,MIA,4,10,Final
825024,2026-04-13,OAK,TEX,1,8,Final
823072,2026-04-14,STL,CLE,6,5,Final
823315,2026-04-14,SD,SEA,4,1,Final
823398,2026-04-14,PIT,WSH,4,5,Final
823478,2026-04-14,PHI,CHC,4,10,Final
823562,2026-04-14,NYY,LAA,1,7,Final
823723,2026-04-14,MIN,BOS,6,0,Final
823802,2026-04-14,MIL,TOR,7,9,Final
823965,2026-04-14,LAD,NYM,2,1,Final
824210,2026-04-14,HOU,COL,7,6,Final
824292,2026-04-14,DET,KC,2,1,Final
824531,2026-04-14,CIN,SF,2,1,Final
824616,2026-04-14,CWS,TB,5,8,Final
824853,2026-04-14,BAL,ARI,3,4,Final
824935,2026-04-14,ATL,MIA,6,5,Final
825022,2026-04-14,OAK,TEX,2,1,Final
823071,2026-04-15,STL,CLE,5,3,Final
823314,2026-04-15,SD,SEA,7,6,Final
823399,2026-04-15,PIT,WSH,2,0,Final
823477,2026-04-15,PHI,CHC,2,11,Final
823561,2026-04-15,NYY,LAA,5,4,Final
823722,2026-04-15,MIN,BOS,5,9,Final
823803,2026-04-15,MIL,TOR,2,1,Final
823963,2026-04-15,LAD,NYM,8,2,Final
824209,2026-04-15,HOU,COL,3,1,Final
824291,2026-04-15,DET,KC,2,1,Final
824532,2026-04-15,CIN,SF,8,3,Final
824615,2026-04-15,CWS,TB,3,8,Final
824855,2026-04-15,BAL,ARI,5,8,Final
824936,2026-04-15,ATL,MIA,6,3,Final
825021,2026-04-15,OAK,TEX,6,5,Final
823313,2026-04-16,SD,SEA,5,2,Final
823396,2026-04-16,PIT,WSH,7,8,Final
823560,2026-04-16,NYY,LAA,4,11,Final
823801,2026-04-16,MIL,TOR,2,1,Final
824208,2026-04-16,HOU,COL,2,3,Final
824289,2026-04-16,DET,KC,10,9,Final
824453,2026-04-16,CLE,BAL,4,2,Final
824530,2026-04-16,CIN,SF,0,3,Final
824614,2026-04-16,CWS,TB,3,5,Final
825023,2026-04-16,OAK,TEX,6,9,Final
822752,2026-04-17,WSH,SF,5,10,Final
823152,2026-04-17,SEA,TEX,0,5,Final
823397,2026-04-17,PIT,TB,5,1,Final
823476,2026-04-17,PHI,ATL,0,9,Final
823559,2026-04-17,NYY,KC,4,2,Final
823720,2026-04-17,MIN,CIN,1,2,Final
823883,2026-04-17,MIA,MIL,5,7,Final
824048,2026-04-17,LAA,SD,8,0,Final
824207,2026-04-17,HOU,STL,4,9,Final
824373,2026-04-17,COL,LAD,1,7,Final
824454,2026-04-17,CLE,BAL,4,6,Final
824693,2026-04-17,CHC,NYM,12,4,Final
824778,2026-04-17,BOS,DET,1,0,Final
825019,2026-04-17,OAK,CWS,2,9,Final
825101,2026-04-17,ARI,TOR,6,3,Final
822751,2026-04-18,WSH,SF,6,7,Final
823151,2026-04-18,SEA,TEX,7,3,Final
823394,2026-04-18,PIT,TB,7,8,Final
823474,2026-04-18,PHI,ATL,1,3,Final
823558,2026-04-18,NYY,KC,13,4,Final
823721,2026-04-18,MIN,CIN,4,5,Final
823882,2026-04-18,MIA,MIL,2,5,Final
824049,2026-04-18,LAA,SD,1,4,Final
824206,2026-04-18,HOU,STL,5,7,Final
824372,2026-04-18,COL,LAD,4,3,Final
824451,2026-04-18,CLE,BAL,4,2,Final
824694,2026-04-18,CHC,NYM,4,2,Final
824775,2026-04-18,BOS,DET,1,4,Final
825020,2026-04-18,OAK,CWS,7,6,Final
825098,2026-04-18,ARI,TOR,6,2,Final
822750,2026-04-19,WSH,SF,3,0,Final
823150,2026-04-19,SEA,TEX,5,2,Final
823393,2026-04-19,PIT,TB,6,3,Final
823475,2026-04-19,PHI,ATL,2,4,Final
823556,2026-04-19,NYY,KC,7,0,Final
823718,2026-04-19,MIN,CIN,4,7,Final
823881,2026-04-19,MIA,MIL,5,3,Final
824047,2026-04-19,LAA,SD,1,2,Final
824205,2026-04-19,HOU,STL,5,7,Final
824371,2026-04-19,COL,LAD,9,6,Final
824452,2026-04-19,CLE,BAL,8,4,Final
824691,2026-04-19,CHC,NYM,2,1,Final
824777,2026-04-19,BOS,DET,2,6,Final
825018,2026-04-19,OAK,CWS,4,7,Final
825100,2026-04-19,ARI,TOR,4,10,Final
822749,2026-04-20,WSH,ATL,4,9,Final
822994,2026-04-20,TB,CIN,1,6,Final
823149,2026-04-20,SEA,OAK,4,6,Final
823879,2026-04-20,MIA,STL,5,3,Final
824046,2026-04-20,LAA,TOR,2,5,Final
824125,2026-04-20,KC,BAL,5,7,Final
824370,2026-04-20,COL,LAD,3,12,Final
824450,2026-04-20,CLE,HOU,2,9,Final
824692,2026-04-20,CHC,PHI,5,1,Final
824776,2026-04-20,BOS,DET,8,6,Final
822747,2026-04-21,WSH,ATL,11,4,Final
822914,2026-04-21,TEX,PIT,5,1,Final
822995,2026-04-21,TB,CIN,6,12,Final
823148,2026-04-21,SEA,OAK,2,5,Final
823236,2026-04-21,SF,LAD,3,1,Final
823640,2026-04-21,NYM,MIN,3,5,Final
823880,2026-04-21,MIA,STL,3,5,Final
824045,2026-04-21,LAA,TOR,2,4,Final
824127,2026-04-21,KC,BAL,6,5,Final
824290,2026-04-21,DET,MIL,4,12,Final
824369,2026-04-21,COL,SD,0,1,Final
824448,2026-04-21,CLE,HOU,8,5,Final
824690,2026-04-21,CHC,PHI,7,4,Final
824773,2026-04-21,BOS,NYY,0,4,Final
825099,2026-04-21,ARI,CWS,5,11,Final
822748,2026-04-22,WSH,ATL,6,8,Final
822913,2026-04-22,TEX,PIT,4,8,Final
822993,2026-04-22,TB,CIN,6,1,Final
823147,2026-04-22,SEA,OAK,5,4,Final
823231,2026-04-22,SF,LAD,3,0,Final
823641,2026-04-22,NYM,MIN,3,2,Final
823878,2026-04-22,MIA,STL,4,1,Final
824044,2026-04-22,LAA,TOR,7,3,Final
824123,2026-04-22,KC,BAL,6,8,Final
824286,2026-04-22,DET,MIL,5,2,Final
824367,2026-04-22,COL,SD,8,3,Final
824449,2026-04-22,CLE,HOU,0,2,Final
824688,2026-04-22,CHC,PHI,7,2,Final
824774,2026-04-22,BOS,NYY,1,4,Final
825097,2026-04-22,ARI,CWS,11,7,Final
822745,2026-04-23,WSH,ATL,2,7,Final
822912,2026-04-23,TEX,PIT,6,1,Final
823233,2026-04-23,SF,LAD,0,3,Final
823639,2026-04-23,NYM,MIN,10,8,Final
824288,2026-04-23,DET,MIL,5,4,Final
824368,2026-04-23,COL,SD,8,10,Final
824689,2026-04-23,CHC,PHI,8,7,Final
824770,2026-04-23,BOS,NYY,2,4,Final
825096,2026-04-23,ARI,CWS,1,4,Final
822827,2026-04-24,TOR,CLE,6,8,Final
822909,2026-04-24,TEX,OAK,1,8,Final
822992,2026-04-24,TB,MIN,6,2,Final
823069,2026-04-24,STL,SEA,2,3,Final
823232,2026-04-24,SF,MIA,4,9,Final
823638,2026-04-24,NYM,COL,3,4,Final
823800,2026-04-24,MIL,PIT,0,6,Final
823962,2026-04-24,LAD,CHC,4,6,Final
824124,2026-04-24,KC,LAA,6,3,Final
824204,2026-04-24,HOU,NYY,4,12,Final
824529,2026-04-24,CIN,DET,9,8,Final
824611,2026-04-24,CWS,WSH,5,4,Final
824854,2026-04-24,BAL,BOS,10,3,Final
824932,2026-04-24,ATL,PHI,5,3,Final
822826,2026-04-25,TOR,CLE,5,3,Final
822910,2026-04-25,TEX,OAK,4,3,Final
822989,2026-04-25,TB,MIN,6,1,Final
823070,2026-04-25,STL,SEA,9,11,Final
823229,2026-04-25,SF,MIA,6,2,Final
823799,2026-04-25,MIL,PIT,3,6,Final
823960,2026-04-25,LAD,CHC,12,4,Final
824121,2026-04-25,KC,LAA,12,1,Final
824203,2026-04-25,HOU,NYY,3,8,Final
824527,2026-04-25,CIN,DET,9,2,Final
824613,2026-04-25,CWS,WSH,3,6,Final
824851,2026-04-25,BAL,BOS,1,17,Final
824933,2026-04-25,ATL,PHI,5,8,Final
825093,2026-04-25,ARI,SD,4,6,Final
822824,2026-04-26,TOR,CLE,4,2,Final
822911,2026-04-26,TEX,OAK,1,2,Final
822991,2026-04-26,TB,MIN,4,2,Final
823068,2026-04-26,STL,SEA,2,3,Final
823230,2026-04-26,SF,MIA,6,3,Final
823635,2026-04-26,NYM,COL,1,3,Final
823637,2026-04-26,NYM,COL,0,3,Final
823797,2026-04-26,MIL,PIT,5,0,Final
823959,2026-04-26,LAD,CHC,6,0,Final
824122,2026-04-26,KC,LAA,11,9,Final
824202,2026-04-26,HOU,NYY,7,4,Final
824528,2026-04-26,CIN,DET,3,8,Final
824612,2026-04-26,CWS,WSH,1,2,Final
824852,2026-04-26,BAL,BOS,3,5,Final
824934,2026-04-26,ATL,PHI,6,2,Final
825094,2026-04-26,ARI,SD,12,7,Final
822825,2026-04-27,TOR,BOS,0,5,Final
822906,2026-04-27,TEX,NYY,2,4,Final
823311,2026-04-27,SD,CHC,9,7,Final
823395,2026-04-27,PIT,STL,2,4,Final
823719,2026-04-27,MIN,SEA,11,4,Final
823961,2026-04-27,LAD,MIA,5,4,Final
824446,2026-04-27,CLE,TB,2,3,Final
824609,2026-04-27,CWS,LAA,8,7,Final
822823,2026-04-28,TOR,BOS,3,0,Final
822908,2026-04-28,TEX,NYY,2,3,Final
823310,2026-04-28,SD,CHC,3,8,Final
823390,2026-04-28,PIT,STL,7,11,Final
823473,2026-04-28,PHI,SF,7,0,Final
823636,2026-04-28,NYM,WSH,8,0,Final
823716,2026-04-28,MIN,SEA,1,7,Final
823798,2026-04-28,MIL,ARI,13,2,Final
823956,2026-04-28,LAD,MIA,1,2,Final
824447,2026-04-28,CLE,TB,0,1,Final
824526,2026-04-28,CIN,COL,7,2,Final
824610,2026-04-28,CWS,LAA,5,2,Final
824849,2026-04-28,BAL,HOU,5,3,Final
824931,2026-04-28,ATL,DET,5,2,Final
825017,2026-04-28,OAK,KC,1,4,Final
822821,2026-04-29,TOR,BOS,8,1,Final
822907,2026-04-29,TEX,NYY,3,0,Final
823312,2026-04-29,SD,CHC,4,5,Final
823392,2026-04-29,PIT,STL,4,5,Final
823633,2026-04-29,NYM,WSH,2,14,Final
823717,2026-04-29,MIN,SEA,3,5,Final
823796,2026-04-29,MIL,ARI,2,6,Final
823958,2026-04-29,LAD,MIA,2,3,Final
824445,2026-04-29,CLE,TB,3,1,Final
824525,2026-04-29,CIN,COL,2,13,Final
824608,2026-04-29,CWS,LAA,3,2,Final
824930,2026-04-29,ATL,DET,4,3,Final
825015,2026-04-29,OAK,KC,5,2,Final
823391,2026-04-30,PIT,STL,5,10,Final
823471,2026-04-30,PHI,SF,6,5,Final
823472,2026-04-30,PHI,SF,3,2,Final
823634,2026-04-30,NYM,WSH,4,5,Final
823714,2026-04-30,MIN,TOR,7,1,Final
823795,2026-04-30,MIL,ARI,13,1,Final
824524,2026-04-30,CIN,COL,6,4,Final
824848,2026-04-30,BAL,HOU,10,3,Final
824850,2026-04-30,BAL,HOU,5,11,Final
824929,2026-04-30,ATL,DET,2,5,Final
825016,2026-04-30,OAK,KC,6,3,Final
822744,2026-05-01,WSH,MIL,1,6,Final
822990,2026-05-01,TB,SF,3,0,Final
823066,2026-05-01,STL,LAD,7,2,Final
823146,2026-05-01,SEA,KC,6,7,Final
823309,2026-05-01,SD,CWS,2,8,Final
823389,2026-05-01,PIT,CIN,9,1,Final
823557,2026-05-01,NYY,BAL,7,2,Final
823713,2026-05-01,MIN,TOR,3,7,Final
823877,2026-05-01,MIA,PHI,5,6,Final
824041,2026-05-01,LAA,NYM,3,4,Final
824287,2026-05-01,DET,TEX,4,5,Final
824366,2026-05-01,COL,ATL,6,8,Final
824686,2026-05-01,CHC,ARI,6,5,Final
824772,2026-05-01,BOS,HOU,3,1,Final
825012,2026-05-01,OAK,CLE,5,8,Final
822746,2026-05-02,WSH,MIL,1,4,Final
822988,2026-05-02,TB,SF,5,1,Final
823067,2026-05-02,STL,LAD,3,2,Final
823144,2026-05-02,SEA,KC,2,3,Final
823308,2026-05-02,SD,CWS,0,4,Final
823388,2026-05-02,PIT,CIN,17,7,Final
823554,2026-05-02,NYY,BAL,9,4,Final
823715,2026-05-02,MIN,TOR,4,11,Final
823876,2026-05-02,MIA,PHI,4,0,Final
824042,2026-05-02,LAA,NYM,4,3,Final
824284,2026-05-02,DET,TEX,5,1,Final
824365,2026-05-02,COL,ATL,1,9,Final
824685,2026-05-02,CHC,ARI,2,0,Final
824771,2026-05-02,BOS,HOU,3,6,Final
825014,2026-05-02,OAK,CLE,6,14,Final
822742,2026-05-03,WSH,MIL,3,2,Final
822987,2026-05-03,TB,SF,2,1,Final
823065,2026-05-03,STL,LAD,1,4,Final
823145,2026-05-03,SEA,KC,1,4,Final
823307,2026-05-03,SD,CWS,4,3,Final
823387,2026-05-03,PIT,CIN,1,0,Final
823555,2026-05-03,NYY,BAL,11,3,Final
823711,2026-05-03,MIN,TOR,4,3,Final
823875,2026-05-03,MIA,PHI,2,7,Final
824043,2026-05-03,LAA,NYM,1,5,Final
824285,2026-05-03,DET,TEX,7,1,Final
824364,2026-05-03,COL,ATL,6,11,Final
824687,2026-05-03,CHC,ARI,8,4,Final
824769,2026-05-03,BOS,HOU,1,3,Final
825013,2026-05-03,OAK,CLE,7,1,Final
822984,2026-05-04,TB,TOR,5,1,Final
823064,2026-05-04,STL,MIL,6,3,Final
823143,2026-05-04,SEA,ATL,5,4,Final
823228,2026-05-04,SF,SD,3,2,Final
823552,2026-05-04,NYY,BAL,12,1,Final
823874,2026-05-04,MIA,PHI,0,1,Final
824039,2026-05-04,LAA,CWS,0,6,Final
824120,2026-05-04,KC,CLE,6,2,Final
824201,2026-05-04,HOU,LAD,3,8,Final
824283,2026-05-04,DET,BOS,4,5,Final
824363,2026-05-04,COL,NYM,2,4,Final
824684,2026-05-04,CHC,CIN,5,4,Final
822743,2026-05-05,WSH,MIN,3,11,Final
822986,2026-05-05,TB,TOR,4,3,Final
823142,2026-05-05,SEA,ATL,2,3,Final
823227,2026-05-05,SF,SD,5,10,Final
823469,2026-05-05,PHI,OAK,9,1,Final
823553,2026-05-05,NYY,TEX,7,4,Final
823873,2026-05-05,MIA,BAL,7,9,Final
824040,2026-05-05,LAA,CWS,4,3,Final
824119,2026-05-05,KC,CLE,5,3,Final
824200,2026-05-05,HOU,LAD,2,1,Final
824281,2026-05-05,DET,BOS,3,10,Final
824682,2026-05-05,CHC,CIN,3,2,Final
825092,2026-05-05,ARI,PIT,9,0,Final
822740,2026-05-06,WSH,MIN,15,2,Final
822985,2026-05-06,TB,TOR,3,0,Final
823063,2026-05-06,STL,MIL,2,6,Final
823141,2026-05-06,SEA,ATL,3,1,Final
823226,2026-05-06,SF,SD,1,5,Final
823470,2026-05-06,PHI,OAK,6,3,Final
823550,2026-05-06,NYY,TEX,1,6,Final
823872,2026-05-06,MIA,BAL,4,7,Final
824036,2026-05-06,LAA,CWS,8,2,Final
824118,2026-05-06,KC,CLE,1,3,Final
824198,2026-05-06,HOU,LAD,2,12,Final
824282,2026-05-06,DET,BOS,0,4,Final
824361,2026-05-06,COL,NYM,5,10,Final
824683,2026-05-06,CHC,CIN,7,6,Final
825091,2026-05-06,ARI,PIT,0,1,Final
822741,2026-05-07,WSH,MIN,7,5,Final
823306,2026-05-07,SD,STL,1,2,Final
823467,2026-05-07,PHI,OAK,1,12,Final
823551,2026-05-07,NYY,TEX,9,2,Final
823870,2026-05-07,MIA,BAL,4,3,Final
824117,2026-05-07,KC,CLE,5,8,Final
824362,2026-05-07,COL,NYM,6,2,Final
824681,2026-05-07,CHC,CIN,8,3,Final
824767,2026-05-07,BOS,TB,4,8,Final
825090,2026-05-07,ARI,PIT,2,4,Final
822822,2026-05-08,TOR,LAA,2,0,Final
822904,2026-05-08,TEX,CHC,1,7,Final
823225,2026-05-08,SF,PIT,5,2,Final
823303,2026-05-08,SD,STL,0,6,Final
823466,2026-05-08,PHI,COL,7,9,Final
823794,2026-05-08,MIL,NYY,6,0,Final
823871,2026-05-08,MIA,WSH,2,3,Final
823957,2026-05-08,LAD,ATL,3,1,Final
824116,2026-05-08,KC,DET,4,3,Final
824443,2026-05-08,CLE,MIN,6,4,Final
824522,2026-05-08,CIN,HOU,0,10,Final
824607,2026-05-08,CWS,SEA,8,12,Final
824768,2026-05-08,BOS,TB,2,0,Final
824846,2026-05-08,BAL,OAK,3,4,Final
825088,2026-05-08,ARI,NYM,1,3,Final
822820,2026-05-09,TOR,LAA,14,1,Final
822905,2026-05-09,TEX,CHC,6,0,Final
823224,2026-05-09,SF,PIT,3,13,Final
823304,2026-05-09,SD,STL,4,2,Final
823468,2026-05-09,PHI,COL,9,3,Final
823792,2026-05-09,MIL,NYY,4,3,Final
823869,2026-05-09,MIA,WSH,8,7,Final
823955,2026-05-09,LAD,ATL,2,7,Final
824115,2026-05-09,KC,DET,5,1,Final
824444,2026-05-09,CLE,MIN,1,2,Final
824523,2026-05-09,CIN,HOU,3,1,Final
824606,2026-05-09,CWS,SEA,6,1,Final
824847,2026-05-09,BAL,OAK,2,6,Final
825089,2026-05-09,ARI,NYM,2,1,Final
822819,2026-05-10,TOR,LAA,1,6,Final
822902,2026-05-10,TEX,CHC,3,0,Final
823221,2026-05-10,SF,PIT,7,6,Final
823305,2026-05-10,SD,STL,3,2,Final
823463,2026-05-10,PHI,COL,6,0,Final
823793,2026-05-10,MIL,NYY,4,3,Final
823868,2026-05-10,MIA,WSH,5,2,Final
823954,2026-05-10,LAD,ATL,2,7,Final
824113,2026-05-10,KC,DET,3,6,Final
824440,2026-05-10,CLE,MIN,4,5,Final
824520,2026-05-10,CIN,HOU,5,0,Final
824605,2026-05-10,CWS,SEA,2,1,Final
824765,2026-05-10,BOS,TB,1,4,Final
824845,2026-05-10,BAL,OAK,2,1,Final
825085,2026-05-10,ARI,NYM,5,1,Final
822818,2026-05-11,TOR,TB,5,8,Final
822901,2026-05-11,TEX,ARI,0,1,Final
823953,2026-05-11,LAD,SF,3,9,Final
824199,2026-05-11,HOU,SEA,1,3,Final
824441,2026-05-11,CLE,LAA,7,2,Final
824844,2026-05-11,BAL,NYY,3,2,Final
822817,2026-05-12,TOR,TB,6,7,Final
822903,2026-05-12,TEX,ARI,7,4,Final
823385,2026-05-12,PIT,COL,3,1,Final
823632,2026-05-12,NYM,DET,10,2,Final
823712,2026-05-12,MIN,MIA,3,0,Final
823790,2026-05-12,MIL,SD,6,4,Final
823951,2026-05-12,LAD,SF,2,6,Final
824197,2026-05-12,HOU,SEA,2,10,Final
824442,2026-05-12,CLE,LAA,3,2,Final
824521,2026-05-12,CIN,WSH,4,10,Final
824604,2026-05-12,CWS,KC,6,5,Final
824764,2026-05-12,BOS,PHI,1,2,Final
824843,2026-05-12,BAL,NYY,2,6,Final
824927,2026-05-12,ATL,CHC,5,2,Final
825011,2026-05-12,OAK,STL,4,6,Final
822815,2026-05-13,TOR,TB,5,3,Final
822900,2026-05-13,TEX,ARI,6,5,Final
823386,2026-05-13,PIT,COL,4,10,Final
823631,2026-05-13,NYM,DET,3,2,Final
823710,2026-05-13,MIN,MIA,5,9,Final
823791,2026-05-13,MIL,SD,1,3,Final
823952,2026-05-13,LAD,SF,4,0,Final
824195,2026-05-13,HOU,SEA,4,3,Final
824438,2026-05-13,CLE,LAA,4,2,Final
824519,2026-05-13,CIN,WSH,7,8,Final
824603,2026-05-13,CWS,KC,6,5,Final
824763,2026-05-13,BOS,PHI,3,1,Final
824841,2026-05-13,BAL,NYY,7,0,Final
824928,2026-05-13,ATL,CHC,4,1,Final
825010,2026-05-13,OAK,STL,6,2,Final
823383,2026-05-14,PIT,COL,7,2,Final
823630,2026-05-14,NYM,DET,9,4,Final
823709,2026-05-14,MIN,MIA,9,1,Final
823789,2026-05-14,MIL,SD,7,1,Final
823950,2026-05-14,LAD,SF,5,2,Final
824196,2026-05-14,HOU,SEA,3,8,Final
824517,2026-05-14,CIN,WSH,15,1,Final
824602,2026-05-14,CWS,KC,6,2,Final
824762,2026-05-14,BOS,PHI,1,3,Final
824926,2026-05-14,ATL,CHC,0,2,Final
825008,2026-05-14,OAK,STL,4,5,Final
822739,2026-05-15,WSH,BAL,3,2,Final
822983,2026-05-15,TB,MIA,7,2,Final
823061,2026-05-15,STL,KC,5,4,Final
823140,2026-05-15,SEA,SD,0,2,Final
823384,2026-05-15,PIT,PHI,9,11,Final
823629,2026-05-15,NYM,NYY,2,5,Final
823707,2026-05-15,MIN,MIL,2,3,Final
824037,2026-05-15,LAA,LAD,0,6,Final
824194,2026-05-15,HOU,TEX,2,0,Final
824280,2026-05-15,DET,TOR,3,2,Final
824360,2026-05-15,COL,ARI,1,9,Final
824439,2026-05-15,CLE,CIN,6,7,Final
824601,2026-05-15,CWS,CHC,5,10,Final
824925,2026-05-15,ATL,BOS,3,2,Final
825009,2026-05-15,OAK,SF,5,2,Final
822737,2026-05-16,WSH,BAL,13,3,Final
822981,2026-05-16,TB,MIA,5,10,Final
823060,2026-05-16,STL,KC,4,2,Final
823139,2026-05-16,SEA,SD,4,7,Final
823382,2026-05-16,PIT,PHI,0,6,Final
823627,2026-05-16,NYM,NYY,6,3,Final
823706,2026-05-16,MIN,MIL,1,2,Final
824038,2026-05-16,LAA,LAD,2,15,Final
824193,2026-05-16,HOU,TEX,4,1,Final
824278,2026-05-16,DET,TOR,1,2,Final
824359,2026-05-16,COL,ARI,4,2,Final
824435,2026-05-16,CLE,CIN,7,4,Final
824600,2026-05-16,CWS,CHC,8,3,Final
824924,2026-05-16,ATL,BOS,2,3,Final
825007,2026-05-16,OAK,SF,4,6,Final
822738,2026-05-17,WSH,BAL,3,7,Final
822982,2026-05-17,TB,MIA,6,3,Final
823058,2026-05-17,STL,KC,0,2,Final
823138,2026-05-17,SEA,SD,3,8,Final
823381,2026-05-17,PIT,PHI,0,6,Final
823628,2026-05-17,NYM,NYY,7,6,Final
823708,2026-05-17,MIN,MIL,5,4,Final
824034,2026-05-17,LAA,LAD,1,10,Final
824192,2026-05-17,HOU,TEX,0,8,Final
824279,2026-05-17,DET,TOR,1,4,Final
824358,2026-05-17,COL,ARI,6,8,Final
824436,2026-05-17,CLE,CIN,10,3,Final
824599,2026-05-17,CWS,CHC,9,8,Final
824923,2026-05-17,ATL,BOS,8,1,Final
825006,2026-05-17,OAK,SF,1,10,Final
822734,2026-05-18,WSH,NYM,7,16,Final
822980,2026-05-18,TB,BAL,16,6,Final
823137,2026-05-18,SEA,CWS,6,1,Final
823301,2026-05-18,SD,LAD,1,0,Final
823465,2026-05-18,PHI,CIN,5,4,Final
823549,2026-05-18,NYY,TOR,7,6,Final
823705,2026-05-18,MIN,HOU,6,3,Final
823867,2026-05-18,MIA,ATL,12,0,Final
824035,2026-05-18,LAA,OAK,2,1,Final
824114,2026-05-18,KC,BOS,1,3,Final
824277,2026-05-18,DET,CLE,2,8,Final
824357,2026-05-18,COL,TEX,7,6,Final
824680,2026-05-18,CHC,MIL,3,9,Final
825087,2026-05-18,ARI,SF,12,2,Final
822736,2026-05-19,WSH,NYM,9,6,Final
822979,2026-05-19,TB,BAL,4,1,Final
823059,2026-05-19,STL,PIT,9,6,Final
823136,2026-05-19,SEA,CWS,1,2,Final
823302,2026-05-19,SD,LAD,4,5,Final
823464,2026-05-19,PHI,CIN,1,4,Final
823548,2026-05-19,NYY,TOR,5,4,Final
823704,2026-05-19,MIN,HOU,1,2,Final
823865,2026-05-19,MIA,ATL,4,8,Final
824033,2026-05-19,LAA,OAK,6,14,Final
824112,2026-05-19,KC,BOS,1,7,Final
824276,2026-05-19,DET,CLE,3,4,Final
824356,2026-05-19,COL,TEX,0,10,Final
824677,2026-05-19,CHC,MIL,2,5,Final
825086,2026-05-19,ARI,SF,5,3,Final
822735,2026-05-20,WSH,NYM,8,4,Final
822977,2026-05-20,TB,BAL,5,3,Final
823057,2026-05-20,STL,PIT,0,7,Final
823134,2026-05-20,SEA,CWS,5,4,Final
823299,2026-05-20,SD,LAD,0,4,Final
823462,2026-05-20,PHI,CIN,4,9,Final
823547,2026-05-20,NYY,TOR,1,2,Final
823703,2026-05-20,MIN,HOU,4,1,Final
823866,2026-05-20,MIA,ATL,1,9,Final
824032,2026-05-20,LAA,OAK,5,6,Final
824111,2026-05-20,KC,BOS,3,4,Final
824273,2026-05-20,DET,CLE,2,3,Final
824355,2026-05-20,COL,TEX,4,5,Final
824678,2026-05-20,CHC,MIL,0,5,Final
825084,2026-05-20,ARI,SF,6,3,Final
822733,2026-05-21,WSH,NYM,1,2,Final
823056,2026-05-21,STL,PIT,2,6,Final
823545,2026-05-21,NYY,TOR,0,2,Final
823864,2026-05-21,MIA,ATL,3,9,Final
824031,2026-05-21,LAA,OAK,2,3,Final
824274,2026-05-21,DET,CLE,1,3,Final
825083,2026-05-21,ARI,COL,2,1,Final
822816,2026-05-22,TOR,PIT,6,2,Final
823223,2026-05-22,SF,CWS,4,9,Final
823298,2026-05-22,SD,OAK,7,3,Final
823461,2026-05-22,PHI,CLE,0,1,Final
823546,2026-05-22,NYY,TB,2,4,Final
823788,2026-05-22,MIL,LAD,5,1,Final
823863,2026-05-22,MIA,NYM,2,1,Final
824029,2026-05-22,LAA,TEX,9,6,Final
824110,2026-05-22,KC,SEA,0,2,Final
824679,2026-05-22,CHC,HOU,2,4,Final
824761,2026-05-22,BOS,MIN,6,8,Final
824842,2026-05-22,BAL,DET,7,4,Final
824922,2026-05-22,ATL,WSH,5,4,Final
825082,2026-05-22,ARI,COL,2,3,Final
822814,2026-05-23,TOR,PIT,5,2,Final
823222,2026-05-23,SF,CWS,10,3,Final
823300,2026-05-23,SD,OAK,2,0,Final
823458,2026-05-23,PHI,CLE,3,0,Final
823787,2026-05-23,MIL,LAD,3,11,Final
823862,2026-05-23,MIA,NYM,4,1,Final
824030,2026-05-23,LAA,TEX,5,2,Final
824109,2026-05-23,KC,SEA,5,0,Final
824516,2026-05-23,CIN,STL,7,6,Final
824518,2026-05-23,CIN,STL,1,8,Final
824674,2026-05-23,CHC,HOU,0,3,Final
824760,2026-05-23,BOS,MIN,2,4,Final
824920,2026-05-23,ATL,WSH,0,2,Final
825080,2026-05-23,ARI,COL,5,4,Final
822813,2026-05-24,TOR,PIT,1,4,Final
823220,2026-05-24,SF,CWS,8,5,Final
823297,2026-05-24,SD,OAK,2,5,Final
823459,2026-05-24,PHI,CLE,1,3,Final
823544,2026-05-24,NYY,TB,2,0,Final
823786,2026-05-24,MIL,LAD,1,5,Final
823861,2026-05-24,MIA,NYM,4,0,Final
824028,2026-05-24,LAA,TEX,2,1,Final
824108,2026-05-24,KC,SEA,8,6,Final
824676,2026-05-24,CHC,HOU,5,8,Final
824759,2026-05-24,BOS,MIN,5,6,Final
824839,2026-05-24,BAL,DET,5,3,Final
824840,2026-05-24,BAL,DET,1,4,Final
824921,2026-05-24,ATL,WSH,1,2,Final
825081,2026-05-24,ARI,COL,9,1,Final
822812,2026-05-25,TOR,MIA,2,8,Final
822899,2026-05-25,TEX,HOU,0,9,Final
823219,2026-05-25,SF,ARI,2,6,Final
823296,2026-05-25,SD,PHI,0,3,Final
823380,2026-05-25,PIT,CHC,2,1,Final
823625,2026-05-25,NYM,CIN,2,7,Final
823784,2026-05-25,MIL,STL,5,1,Final
823948,2026-05-25,LAD,COL,5,3,Final
824107,2026-05-25,KC,NYY,3,4,Final
824437,2026-05-25,CLE,WSH,2,10,Final
824598,2026-05-25,CWS,MIN,3,1,Final
824838,2026-05-25,BAL,TB,9,7,Final
825005,2026-05-25,OAK,SEA,2,9,Final
822811,2026-05-26,TOR,MIA,8,1,Final
822898,2026-05-26,TEX,HOU,10,7,Final
823216,2026-05-26,SF,ARI,5,7,Final
823294,2026-05-26,SD,PHI,3,4,Final
823379,2026-05-26,PIT,CHC,12,1,Final
823624,2026-05-26,NYM,CIN,2,7,Final
823785,2026-05-26,MIL,STL,6,0,Final
823949,2026-05-26,LAD,COL,15,6,Final
824106,2026-05-26,KC,NYY,1,15,Final
824275,2026-05-26,DET,LAA,6,10,Final
824434,2026-05-26,CLE,WSH,3,6,Final
824597,2026-05-26,CWS,MIN,3,5,Final
824758,2026-05-26,BOS,ATL,6,7,Final
824837,2026-05-26,BAL,TB,6,1,Final
825004,2026-05-26,OAK,SEA,1,4,Final
822809,2026-05-27,TOR,MIA,2,1,Final
822897,2026-05-27,TEX,HOU,3,4,Final
823217,2026-05-27,SF,ARI,2,3,Final
823295,2026-05-27,SD,PHI,0,3,Final
823376,2026-05-27,PIT,CHC,4,10,Final
823626,2026-05-27,NYM,CIN,4,2,Final
823783,2026-05-27,MIL,STL,2,1,Final
823947,2026-05-27,LAD,COL,4,1,Final
824104,2026-05-27,KC,NYY,0,7,Final
824270,2026-05-27,DET,LAA,4,0,Final
824432,2026-05-27,CLE,WSH,3,2,Final
824596,2026-05-27,CWS,MIN,15,2,Final
824756,2026-05-27,BOS,ATL,8,0,Final
824836,2026-05-27,BAL,TB,11,2,Final
825003,2026-05-27,OAK,SEA,1,9,Final
822896,2026-05-28,TEX,HOU,1,5,Final
823378,2026-05-28,PIT,CHC,2,7,Final
824272,2026-05-28,DET,LAA,1,7,Final
824595,2026-05-28,CWS,MIN,6,2,Final
824757,2026-05-28,BOS,ATL,2,10,Final
824834,2026-05-28,BAL,TOR,1,2,Final
822732,2026-05-29,WSH,SD,5,7,Final
822894,2026-05-29,TEX,KC,9,1,Final
822978,2026-05-29,TB,LAA,8,5,Final
823055,2026-05-29,STL,CHC,6,5,Final
823135,2026-05-29,SEA,ARI,7,6,Final
823377,2026-05-29,PIT,MIN,6,5,Final
823623,2026-05-29,NYM,MIA,9,7,Final
823946,2026-05-29,LAD,PHI,4,2,Final
824191,2026-05-29,HOU,MIL,4,5,Final
824353,2026-05-29,COL,SF,8,6,Final
824433,2026-05-29,CLE,BOS,4,3,Final
824515,2026-05-29,CIN,ATL,3,8,Final
824594,2026-05-29,CWS,DET,4,3,Final
824835,2026-05-29,BAL,TOR,5,6,Final
825002,2026-05-29,OAK,NYY,2,8,Final
822731,2026-05-30,WSH,SD,9,4,Final
822893,2026-05-30,TEX,KC,7,6,Final
822975,2026-05-30,TB,LAA,3,14,Final
823054,2026-05-30,STL,CHC,1,6,Final
823132,2026-05-30,SEA,ARI,5,1,Final
823375,2026-05-30,PIT,MIN,10,9,Final
823622,2026-05-30,NYM,MIA,6,1,Final
823945,2026-05-30,LAD,PHI,3,4,Final
824190,2026-05-30,HOU,MIL,9,2,Final
824352,2026-05-30,COL,SF,8,3,Final
824431,2026-05-30,CLE,BOS,1,9,Final
824513,2026-05-30,CIN,ATL,2,5,Final
824593,2026-05-30,CWS,DET,7,1,Final
824833,2026-05-30,BAL,TOR,6,5,Final
825000,2026-05-30,OAK,NYY,6,4,Final
822729,2026-05-31,WSH,SD,4,2,Final
822895,2026-05-31,TEX,KC,6,3,Final
822976,2026-05-31,TB,LAA,5,2,Final
823053,2026-05-31,STL,CHC,5,1,Final
823133,2026-05-31,SEA,ARI,3,2,Final
823373,2026-05-31,PIT,MIN,9,3,Final
823621,2026-05-31,NYM,MIA,10,1,Final
823944,2026-05-31,LAD,PHI,9,1,Final
824187,2026-05-31,HOU,MIL,0,2,Final
824354,2026-05-31,COL,SF,6,19,Final
824430,2026-05-31,CLE,BOS,4,9,Final
824512,2026-05-31,CIN,ATL,6,4,Final
824592,2026-05-31,CWS,DET,2,1,Final
824832,2026-05-31,BAL,TOR,9,5,Final
825001,2026-05-31,OAK,NYY,8,13,Final
822730,2026-06-01,WSH,MIA,3,7,Final
822974,2026-06-01,TB,DET,9,10,Final
823050,2026-06-01,STL,TEX,1,2,Final
823131,2026-06-01,SEA,NYM,3,2,Final
823702,2026-06-01,MIN,CWS,9,6,Final
823781,2026-06-01,MIL,SF,16,2,Final
824027,2026-06-01,LAA,COL,8,9,Final
824510,2026-06-01,CIN,KC,2,9,Final
825078,2026-06-01,ARI,LAD,4,1,Final
822728,2026-06-02,WSH,MIA,3,7,Final
822971,2026-06-02,TB,DET,0,8,Final
823052,2026-06-02,STL,TEX,4,7,Final
823129,2026-06-02,SEA,NYM,8,3,Final
823460,2026-06-02,PHI,SD,3,2,Final
823541,2026-06-02,NYY,CLE,4,9,Final
823700,2026-06-02,MIN,CWS,6,4,Final
823782,2026-06-02,MIL,SF,8,3,Final
824026,2026-06-02,LAA,COL,2,8,Final
824189,2026-06-02,HOU,PIT,6,10,Final
824511,2026-06-02,CIN,KC,4,3,Final
824675,2026-06-02,CHC,OAK,1,2,Final
824754,2026-06-02,BOS,BAL,2,4,Final
824918,2026-06-02,ATL,TOR,4,3,Final
825079,2026-06-02,ARI,LAD,5,6,Final
822727,2026-06-03,WSH,MIA,1,4,Final
822973,2026-06-03,TB,DET,2,7,Final
823051,2026-06-03,STL,TEX,5,3,Final
823130,2026-06-03,SEA,NYM,1,7,Final
823456,2026-06-03,PHI,SD,3,2,Final
823540,2026-06-03,NYY,CLE,4,5,Final
823701,2026-06-03,MIN,CWS,0,8,Final
823780,2026-06-03,MIL,SF,0,1,Final
824024,2026-06-03,LAA,COL,11,4,Final
824188,2026-06-03,HOU,PIT,11,9,Final
824509,2026-06-03,CIN,KC,2,5,Final
824671,2026-06-03,CHC,OAK,4,5,Final
824755,2026-06-03,BOS,BAL,8,1,Final
824917,2026-06-03,ATL,TOR,7,3,Final
825077,2026-06-03,ARI,LAD,0,7,Final
823457,2026-06-04,PHI,SD,6,4,Final
823542,2026-06-04,NYY,CLE,2,1,Final
823698,2026-06-04,MIN,KC,6,8,Final
823779,2026-06-04,MIL,SF,9,12,Final
824185,2026-06-04,HOU,PIT,1,5,Final
824672,2026-06-04,CHC,OAK,7,6,Final
824753,2026-06-04,BOS,BAL,2,8,Final
824919,2026-06-04,ATL,TOR,2,7,Final
825076,2026-06-04,ARI,LAD,3,2,Final
822810,2026-06-05,TOR,BAL,3,13,Final
822892,2026-06-05,TEX,CLE,3,2,Final
823049,2026-06-05,STL,CIN,10,3,Final
823293,2026-06-05,SD,NYM,0,5,Final
823455,2026-06-05,PHI,CWS,8,6,Final
823538,2026-06-05,NYY,BOS,3,5,Final
823699,2026-06-05,MIN,KC,5,3,Final
823860,2026-06-05,MIA,TB,0,6,Final
823943,2026-06-05,LAD,LAA,1,0,Final
824186,2026-06-05,HOU,OAK,5,1,Final
824271,2026-06-05,DET,SEA,7,3,Final
824350,2026-06-05,COL,MIL,7,9,Final
824673,2026-06-05,CHC,SF,3,18,Final
824914,2026-06-05,ATL,PIT,6,3,Final
825073,2026-06-05,ARI,WSH,1,14,Final
822808,2026-06-06,TOR,BAL,6,4,Final
822891,2026-06-06,TEX,CLE,0,6,Final
823048,2026-06-06,STL,CIN,6,5,Final
823292,2026-06-06,SD,NYM,3,2,Final
823454,2026-06-06,PHI,CWS,3,6,Final
823697,2026-06-06,MIN,KC,2,3,Final
823859,2026-06-06,MIA,TB,4,3,Final
823942,2026-06-06,LAD,LAA,9,2,Final
824184,2026-06-06,HOU,OAK,13,2,Final
824269,2026-06-06,DET,SEA,0,4,Final
824351,2026-06-06,COL,MIL,1,7,Final
824669,2026-06-06,CHC,SF,3,2,Final
824915,2026-06-06,ATL,PIT,6,3,Final
825075,2026-06-06,ARI,WSH,1,6,Final
822807,2026-06-07,TOR,BAL,6,4,Final
822890,2026-06-07,TEX,CLE,10,0,Final
823047,2026-06-07,STL,CIN,5,3,Final
823291,2026-06-07,SD,NYM,3,7,Final
823453,2026-06-07,PHI,CWS,9,5,Final
823537,2026-06-07,NYY,BOS,6,1,Final
823696,2026-06-07,MIN,KC,5,6,Final
823857,2026-06-07,MIA,TB,4,1,Final
823941,2026-06-07,LAD,LAA,5,13,Final
824183,2026-06-07,HOU,OAK,0,5,Final
824268,2026-06-07,DET,SEA,5,4,Final
824349,2026-06-07,COL,MIL,4,12,Final
824670,2026-06-07,CHC,SF,1,2,Final
824916,2026-06-07,ATL,PIT,3,2,Final
825074,2026-06-07,ARI,WSH,5,1,Final
822806,2026-06-08,TOR,PHI,2,5,Final
822972,2026-06-08,TB,BOS,3,1,Final
823218,2026-06-08,SF,WSH,3,4,Final
823289,2026-06-08,SD,CIN,6,2,Final
824025,2026-06-08,LAA,HOU,4,5,Final
824427,2026-06-08,CLE,NYY,5,7,Final
824829,2026-06-08,BAL,SEA,3,6,Final
824998,2026-06-08,OAK,MIL,14,15,Final
822805,2026-06-09,TOR,PHI,3,2,Final
822969,2026-06-09,TB,BOS,4,3,Final
823214,2026-06-09,SF,WSH,3,6,Final
823290,2026-06-09,SD,CIN,3,5,Final
823374,2026-06-09,PIT,LAD,3,12,Final
823620,2026-06-09,NYM,STL,0,7,Final
823858,2026-06-09,MIA,ARI,10,6,Final
824023,2026-06-09,LAA,HOU,10,1,Final
824105,2026-06-09,KC,TEX,5,3,Final
824267,2026-06-09,DET,MIN,10,4,Final
824347,2026-06-09,COL,CHC,7,3,Final
824429,2026-06-09,CLE,NYY,2,3,Final
824591,2026-06-09,CWS,ATL,6,5,Final
824830,2026-06-09,BAL,SEA,5,6,Final
824999,2026-06-09,OAK,MIL,7,5,Final
822804,2026-06-10,TOR,PHI,4,7,Final
822970,2026-06-10,TB,BOS,7,5,Final
823215,2026-06-10,SF,WSH,11,10,Final
823287,2026-06-10,SD,CIN,5,4,Final
823372,2026-06-10,PIT,LAD,9,8,Final
823618,2026-06-10,NYM,STL,2,9,Final
823856,2026-06-10,MIA,ARI,8,0,Final
824022,2026-06-10,LAA,HOU,3,2,Final
824103,2026-06-10,KC,TEX,4,6,Final
824266,2026-06-10,DET,MIN,4,6,Final
824348,2026-06-10,COL,CHC,3,2,Final
824428,2026-06-10,CLE,NYY,4,8,Final
824590,2026-06-10,CWS,ATL,2,1,Final
824831,2026-06-10,BAL,SEA,7,2,Final
824996,2026-06-10,OAK,MIL,4,3,Final
823371,2026-06-11,PIT,LAD,6,8,Final
823619,2026-06-11,NYM,STL,5,4,Final
823855,2026-06-11,MIA,ARI,2,0,Final
824101,2026-06-11,KC,TEX,2,4,Final
824265,2026-06-11,DET,MIN,11,0,Final
824346,2026-06-11,COL,CHC,3,9,Final
824827,2026-06-11,BAL,SEA,7,5,Final
822726,2026-06-12,WSH,SEA,2,10,Final
822803,2026-06-12,TOR,NYY,8,5,Final
823211,2026-06-12,SF,CHC,1,5,Final
823370,2026-06-12,PIT,MIA,3,8,Final
823617,2026-06-12,NYM,ATL,7,5,Final
823695,2026-06-12,MIN,STL,9,8,Final
823778,2026-06-12,MIL,PHI,6,0,Final
824020,2026-06-12,LAA,TB,4,3,Final
824102,2026-06-12,KC,HOU,8,10,Final
824425,2026-06-12,CLE,DET,3,2,Final
824507,2026-06-12,CIN,ARI,2,5,Final
824588,2026-06-12,CWS,LAD,8,2,Final
824752,2026-06-12,BOS,TEX,10,1,Final
824826,2026-06-12,BAL,SD,7,3,Final
824997,2026-06-12,OAK,COL,6,4,Final
822725,2026-06-13,WSH,SEA,8,3,Final
822802,2026-06-13,TOR,NYY,1,3,Final
823213,2026-06-13,SF,CHC,1,6,Final
823369,2026-06-13,PIT,MIA,3,2,Final
823616,2026-06-13,NYM,ATL,1,3,Final
823694,2026-06-13,MIN,STL,6,9,Final
823776,2026-06-13,MIL,PHI,8,9,Final
824019,2026-06-13,LAA,TB,8,0,Final
824100,2026-06-13,KC,HOU,7,8,Final
824426,2026-06-13,CLE,DET,3,1,Final
824508,2026-06-13,CIN,ARI,2,1,Final
824587,2026-06-13,CWS,LAD,1,7,Final
824749,2026-06-13,BOS,TEX,6,3,Final
824828,2026-06-13,BAL,SD,3,9,Final
824995,2026-06-13,OAK,COL,7,5,Final
822722,2026-06-14,WSH,SEA,10,1,Final
822801,2026-06-14,TOR,NYY,3,8,Final
823212,2026-06-14,SF,CHC,5,1,Final
823368,2026-06-14,PIT,MIA,2,4,Final
823615,2026-06-14,NYM,ATL,8,1,Final
823693,2026-06-14,MIN,STL,5,4,Final
823777,2026-06-14,MIL,PHI,4,0,Final
824021,2026-06-14,LAA,TB,3,8,Final
824099,2026-06-14,KC,HOU,4,0,Final
824506,2026-06-14,CIN,ARI,3,5,Final
824586,2026-06-14,CWS,LAD,6,4,Final
824751,2026-06-14,BOS,TEX,4,6,Final
824823,2026-06-14,BAL,SD,2,5,Final
824994,2026-06-14,OAK,COL,9,23,Final
822724,2026-06-15,WSH,KC,7,3,Final
822887,2026-06-15,TEX,MIN,2,4,Final
823046,2026-06-15,STL,SD,3,0,Final
823452,2026-06-15,PHI,MIA,7,0,Final
823938,2026-06-15,LAD,TB,4,3,Final
824181,2026-06-15,HOU,DET,3,9,Final
824505,2026-06-15,CIN,NYM,12,0,Final
824666,2026-06-15,CHC,COL,5,4,Final
824993,2026-06-15,OAK,PIT,11,2,Final
825071,2026-06-15,ARI,LAA,4,3,Final
822723,2026-06-16,WSH,KC,6,4,Final
822888,2026-06-16,TEX,MIN,2,12,Final
823045,2026-06-16,STL,SD,3,2,Final
823128,2026-06-16,SEA,BAL,3,1,Final
823451,2026-06-16,PHI,MIA,8,2,Final
823535,2026-06-16,NYY,CWS,12,2,Final
823775,2026-06-16,MIL,CLE,2,1,Final
823939,2026-06-16,LAD,TB,1,0,Final
824182,2026-06-16,HOU,DET,4,2,Final
824504,2026-06-16,CIN,NYM,5,3,Final
824667,2026-06-16,CHC,COL,2,5,Final
824750,2026-06-16,BOS,TOR,1,6,Final
824912,2026-06-16,ATL,SF,2,7,Final
824991,2026-06-16,OAK,PIT,5,6,Final
825070,2026-06-16,ARI,LAA,0,7,Final
822721,2026-06-17,WSH,KC,2,6,Final
823044,2026-06-17,STL,SD,1,6,Final
823127,2026-06-17,SEA,BAL,3,5,Final
823450,2026-06-17,PHI,MIA,4,12,Final
823536,2026-06-17,NYY,CWS,10,5,Final
823774,2026-06-17,MIL,CLE,9,4,Final
823940,2026-06-17,LAD,TB,5,4,Final
824178,2026-06-17,HOU,DET,4,2,Final
824503,2026-06-17,CIN,NYM,1,9,Final
824668,2026-06-17,CHC,COL,8,6,Final
824746,2026-06-17,BOS,TOR,0,3,Final
824913,2026-06-17,ATL,SF,5,7,Final
824992,2026-06-17,OAK,PIT,4,12,Final
825072,2026-06-17,ARI,LAA,8,1,Final
822889,2026-06-18,TEX,MIN,3,9,Final
823125,2026-06-18,SEA,BAL,3,0,Final
823448,2026-06-18,PHI,NYM,4,6,Final
823533,2026-06-18,NYY,CWS,1,5,Final
823772,2026-06-18,MIL,CLE,2,4,Final
824098,2026-06-18,KC,STL,14,6,Final
824748,2026-06-18,BOS,TOR,3,4,Final
824989,2026-06-18,OAK,LAA,5,0,Final
822886,2026-06-19,TEX,SD,9,7,Final
822966,2026-06-19,TB,WSH,5,2,Final
823124,2026-06-19,SEA,BOS,2,6,Final
823534,2026-06-19,NYY,CIN,5,0,Final
823853,2026-06-19,MIA,SF,4,3,Final
823936,2026-06-19,LAD,BAL,6,5,Final
824097,2026-06-19,KC,STL,6,5,Final
824179,2026-06-19,HOU,CLE,9,3,Final
824264,2026-06-19,DET,CWS,4,3,Final
824345,2026-06-19,COL,PIT,4,3,Final
824663,2026-06-19,CHC,TOR,16,2,Final
824910,2026-06-19,ATL,MIL,3,2,Final
824990,2026-06-19,OAK,LAA,12,11,Final
825069,2026-06-19,ARI,MIN,9,5,Final
822885,2026-06-20,TEX,SD,4,6,Final
822967,2026-06-20,TB,WSH,3,4,Final
823126,2026-06-20,SEA,BOS,1,5,Final
823447,2026-06-20,PHI,NYM,15,3,Final
823532,2026-06-20,NYY,CIN,2,10,Final
823854,2026-06-20,MIA,SF,6,3,Final
823937,2026-06-20,LAD,BAL,2,3,Final
824180,2026-06-20,HOU,CLE,1,8,Final
824263,2026-06-20,DET,CWS,4,1,Final
824342,2026-06-20,COL,PIT,2,1,Final
824665,2026-06-20,CHC,TOR,6,8,Final
824909,2026-06-20,ATL,MIL,4,3,Final
824988,2026-06-20,OAK,LAA,0,7,Final
825068,2026-06-20,ARI,MIN,8,16,Final
822883,2026-06-21,TEX,SD,4,3,Final
822968,2026-06-21,TB,WSH,4,3,Final
823123,2026-06-21,SEA,BOS,3,1,Final
823449,2026-06-21,PHI,NYM,6,2,Final
823531,2026-06-21,NYY,CIN,1,4,Final
823852,2026-06-21,MIA,SF,2,1,Final
823934,2026-06-21,LAD,BAL,1,12,Final
824095,2026-06-21,KC,STL,10,12,Final
824177,2026-06-21,HOU,CLE,2,1,Final
824260,2026-06-21,DET,CWS,5,4,Final
824343,2026-06-21,COL,PIT,6,8,Final
824908,2026-06-21,ATL,MIL,4,9,Final
824987,2026-06-21,OAK,LAA,7,9,Final
825067,2026-06-21,ARI,MIN,2,4,Final
822720,2026-06-22,WSH,PHI,4,1,Final
822800,2026-06-22,TOR,HOU,4,2,Final
822964,2026-06-22,TB,KC,1,2,Final
823040,2026-06-22,STL,ARI,3,2,Final
823288,2026-06-22,SD,ATL,1,0,Final
823692,2026-06-22,MIN,LAD,1,2,Final
823851,2026-06-22,MIA,TEX,3,4,Final
824016,2026-06-22,LAA,BAL,1,6,Final
824261,2026-06-22,DET,NYY,5,3,Final
824344,2026-06-22,COL,BOS,3,2,Final
824502,2026-06-22,CIN,MIL,1,2,Final
824585,2026-06-22,CWS,CLE,6,5,Final
822718,2026-06-23,WSH,PHI,9,14,Final
822799,2026-06-23,TOR,HOU,7,9,Final
822963,2026-06-23,TB,KC,5,12,Final
823043,2026-06-23,STL,ARI,3,4,Final
823210,2026-06-23,SF,OAK,3,1,Final
823286,2026-06-23,SD,ATL,7,6,Final
823365,2026-06-23,PIT,SEA,2,3,Final
823614,2026-06-23,NYM,CHC,6,9,Final
823690,2026-06-23,MIN,LAD,3,12,Final
823849,2026-06-23,MIA,TEX,6,4,Final
824017,2026-06-23,LAA,BAL,5,1,Final
824262,2026-06-23,DET,NYY,3,4,Final
824340,2026-06-23,COL,BOS,2,5,Final
824501,2026-06-23,CIN,MIL,0,2,Final
824584,2026-06-23,CWS,CLE,2,1,Final
822719,2026-06-24,WSH,PHI,4,5,Final
822798,2026-06-24,TOR,HOU,1,3,Final
822965,2026-06-24,TB,KC,5,3,Final
823041,2026-06-24,STL,ARI,4,9,Final
823208,2026-06-24,SF,OAK,2,1,Final
823284,2026-06-24,SD,ATL,5,2,Final
823367,2026-06-24,PIT,SEA,11,1,Final
823611,2026-06-24,NYM,CHC,5,10,Final
823613,2026-06-24,NYM,CHC,3,10,Final
823691,2026-06-24,MIN,LAD,3,4,Final
823850,2026-06-24,MIA,TEX,4,2,Final
824018,2026-06-24,LAA,BAL,7,6,Final
824259,2026-06-24,DET,NYY,2,4,Final
824341,2026-06-24,COL,BOS,8,6,Final
824500,2026-06-24,CIN,MIL,5,6,Final
824583,2026-06-24,CWS,CLE,3,4,Final
822717,2026-06-25,WSH,PHI,5,10,Final
822797,2026-06-25,TOR,TEX,5,6,Final
822961,2026-06-25,TB,KC,13,2,Final
823209,2026-06-25,SF,OAK,6,9,Final
823366,2026-06-25,PIT,SEA,5,1,Final
823612,2026-06-25,NYM,CHC,3,4,Final
824258,2026-06-25,DET,HOU,1,2,Final
824747,2026-06-25,BOS,NYY,6,3,Final
822796,2026-06-26,TOR,TEX,4,5,Final
822962,2026-06-26,TB,ARI,6,1,Final
823039,2026-06-26,STL,MIA,0,4,Final
823206,2026-06-26,SF,ATL,1,3,Final
823285,2026-06-26,SD,LAD,7,1,Final
823363,2026-06-26,PIT,CIN,4,6,Final
823610,2026-06-26,NYM,PHI,1,2,Final
823688,2026-06-26,MIN,COL,9,8,Final
823773,2026-06-26,MIL,CHC,6,2,Final
824014,2026-06-26,LAA,OAK,3,9,Final
824255,2026-06-26,DET,HOU,8,0,Final
824423,2026-06-26,CLE,SEA,1,3,Final
824582,2026-06-26,CWS,KC,22,1,Final
824743,2026-06-26,BOS,NYY,6,1,Final
824824,2026-06-26,BAL,WSH,3,1,Final
822794,2026-06-27,TOR,TEX,4,7,Final
822960,2026-06-27,TB,ARI,4,2,Final
823038,2026-06-27,STL,MIA,1,5,Final
823207,2026-06-27,SF,ATL,5,0,Final
823283,2026-06-27,SD,LAD,3,15,Final
823364,2026-06-27,PIT,CIN,7,9,Final
823609,2026-06-27,NYM,PHI,6,2,Final
823689,2026-06-27,MIN,COL,5,8,Final
823770,2026-06-27,MIL,CHC,2,8,Final
824015,2026-06-27,LAA,OAK,5,2,Final
824257,2026-06-27,DET,HOU,6,8,Final
824421,2026-06-27,CLE,SEA,4,3,Final
824581,2026-06-27,CWS,KC,2,1,Final
824745,2026-06-27,BOS,NYY,4,1,Final
824825,2026-06-27,BAL,WSH,3,4,Final
822795,2026-06-28,TOR,TEX,2,3,Final
822959,2026-06-28,TB,ARI,5,1,Final
823037,2026-06-28,STL,MIA,2,1,Final
823204,2026-06-28,SF,ATL,3,2,Final
823281,2026-06-28,SD,LAD,2,4,Final
823362,2026-06-28,PIT,CIN,9,4,Final
823608,2026-06-28,NYM,PHI,4,5,Final
823686,2026-06-28,MIN,COL,3,2,Final
823769,2026-06-28,MIL,CHC,3,4,Final
824011,2026-06-28,LAA,OAK,4,1,Final
824256,2026-06-28,DET,HOU,5,7,Final
824422,2026-06-28,CLE,SEA,6,5,Final
824580,2026-06-28,CWS,KC,4,5,Final
824744,2026-06-28,BOS,NYY,5,4,Final
824821,2026-06-28,BAL,WSH,4,6,Final
822792,2026-06-29,TOR,NYM,2,1,Final
823121,2026-06-29,SEA,LAA,6,2,Final
823444,2026-06-29,PHI,PIT,7,11,Final
823529,2026-06-29,NYY,DET,3,7,Final
823771,2026-06-29,MIL,CIN,5,3,Final
824176,2026-06-29,HOU,MIN,4,5,Final
824339,2026-06-29,COL,MIA,7,10,Final
824420,2026-06-29,CLE,TEX,3,6,Final
824662,2026-06-29,CHC,SD,3,2,Final
824741,2026-06-29,BOS,WSH,6,3,Final
824822,2026-06-29,BAL,CWS,2,8,Final
824986,2026-06-29,OAK,LAD,4,9,Final
825065,2026-06-29,ARI,SF,5,4,Final
822793,2026-06-30,TOR,NYM,0,3,Final
823122,2026-06-30,SEA,LAA,8,3,Final
823445,2026-06-30,PHI,PIT,8,0,Final
823528,2026-06-30,NYY,DET,3,9,Final
823768,2026-06-30,MIL,CIN,7,2,Final
824096,2026-06-30,KC,TB,4,10,Final
824175,2026-06-30,HOU,MIN,6,4,Final
824338,2026-06-30,COL,MIA,3,14,Final
824418,2026-06-30,CLE,TEX,2,4,Final
824661,2026-06-30,CHC,SD,9,7,Final
824742,2026-06-30,BOS,WSH,1,8,Final
824819,2026-06-30,BAL,CWS,3,9,Final
824907,2026-06-30,ATL,STL,3,5,Final
824984,2026-06-30,OAK,LAD,3,9,Final
825066,2026-06-30,ARI,SF,8,2,Final
822791,2026-07-01,TOR,NYM,9,3,Final
823446,2026-07-01,PHI,PIT,10,6,Final
823530,2026-07-01,NYY,DET,2,6,Final
823767,2026-07-01,MIL,CIN,4,2,Final
824094,2026-07-01,KC,TB,0,4,Final
824174,2026-07-01,HOU,MIN,3,8,Final
824337,2026-07-01,COL,MIA,6,3,Final
824419,2026-07-01,CLE,TEX,9,4,Final
824660,2026-07-01,CHC,SD,23,3,Final
824740,2026-07-01,BOS,WSH,2,10,Final
824818,2026-07-01,BAL,CWS,6,1,Final
824905,2026-07-01,ATL,STL,5,1,Final
824985,2026-07-01,OAK,LAD,7,1,Final
825064,2026-07-01,ARI,SF,4,6,Final
822884,2026-07-02,TEX,DET,10,4,Final
823119,2026-07-02,SEA,LAA,1,0,Final
823442,2026-07-02,PHI,PIT,1,6,Final
823765,2026-07-02,MIL,CIN,2,7,Final
823935,2026-07-02,LAD,SD,12,7,Final
824093,2026-07-02,KC,TB,2,5,Final
824335,2026-07-02,COL,MIA,14,4,Final
824416,2026-07-02,CLE,CWS,6,5,Final
824906,2026-07-02,ATL,STL,5,11,Final
822714,2026-07-03,WSH,PIT,9,5,Final
823120,2026-07-03,SEA,TOR,0,2,Final
823527,2026-07-03,NYY,MIN,5,2,Final
823933,2026-07-03,LAD,SD,4,3,Final
824013,2026-07-03,LAA,BOS,2,5,Final
824173,2026-07-03,HOU,TB,1,3,Final
824336,2026-07-03,COL,SF,15,3,Final
824417,2026-07-03,CLE,CWS,4,3,Final
824498,2026-07-03,CIN,BAL,0,3,Final
824659,2026-07-03,CHC,STL,1,17,Final
824904,2026-07-03,ATL,NYM,5,3,Final
824982,2026-07-03,OAK,MIA,5,12,Final
825062,2026-07-03,ARI,MIL,4,7,Final
822716,2026-07-04,WSH,PIT,1,7,Final
822882,2026-07-04,TEX,DET,0,3,Final
823118,2026-07-04,SEA,TOR,11,0,Final
823526,2026-07-04,NYY,MIN,4,11,Final
823932,2026-07-04,LAD,SD,3,0,Final
824012,2026-07-04,LAA,BOS,1,8,Final
824092,2026-07-04,KC,PHI,1,6,Final
824171,2026-07-04,HOU,TB,10,8,Final
824334,2026-07-04,COL,SF,4,6,Final
824415,2026-07-04,CLE,CWS,1,3,Final
824499,2026-07-04,CIN,BAL,5,8,Final
824658,2026-07-04,CHC,STL,0,3,Final
824903,2026-07-04,ATL,NYM,14,3,Final
824983,2026-07-04,OAK,MIA,2,7,Final
825063,2026-07-04,ARI,MIL,4,3,Final
822715,2026-07-05,WSH,PIT,5,11,Final
822879,2026-07-05,TEX,DET,3,6,Final
823117,2026-07-05,SEA,TOR,4,0,Final
823525,2026-07-05,NYY,MIN,1,6,Final
823931,2026-07-05,LAD,SD,2,5,Final
824010,2026-07-05,LAA,BOS,5,7,Final
824091,2026-07-05,KC,PHI,5,2,Final
824172,2026-07-05,HOU,TB,2,0,Final
824333,2026-07-05,COL,SF,7,6,Final
824413,2026-07-05,CLE,CWS,6,7,Final
824497,2026-07-05,CIN,BAL,3,2,Final
824656,2026-07-05,CHC,STL,6,4,Final
824902,2026-07-05,ATL,NYM,9,10,Final
824980,2026-07-05,OAK,MIA,8,9,Final
825061,2026-07-05,ARI,MIL,2,3,Final
822712,2026-07-06,WSH,HOU,12,11,Final
822958,2026-07-06,TB,NYY,1,5,Final
823036,2026-07-06,STL,MIL,3,4,Final
823205,2026-07-06,SF,TOR,10,1,Final
823282,2026-07-06,SD,ARI,0,8,Final
823930,2026-07-06,LAD,COL,8,7,Final
824089,2026-07-06,KC,PHI,15,1,Final
824900,2026-07-06,ATL,NYM,6,7,Final
822713,2026-07-07,WSH,HOU,3,6,Final
822881,2026-07-07,TEX,LAA,8,3,Final
822956,2026-07-07,TB,NYY,6,4,Final
823035,2026-07-07,STL,MIL,2,10,Final
823062,2026-07-07,STL,MIL,3,4,Final
823203,2026-07-07,SF,TOR,3,9,Final
823280,2026-07-07,SD,ARI,4,1,Final
823361,2026-07-07,PIT,ATL,12,4,Final
823607,2026-07-07,NYM,KC,12,16,Final
823687,2026-07-07,MIN,CLE,3,1,Final
823847,2026-07-07,MIA,SEA,6,5,Final
823929,2026-07-07,LAD,COL,3,4,Final
824254,2026-07-07,DET,OAK,6,2,Final
824495,2026-07-07,CIN,PHI,1,4,Final
824579,2026-07-07,CWS,BOS,1,8,Final
824820,2026-07-07,BAL,CHC,2,5,Final
822710,2026-07-08,WSH,HOU,8,2,Final
822880,2026-07-08,TEX,LAA,1,13,Final
822957,2026-07-08,TB,NYY,3,0,Final
823032,2026-07-08,STL,MIL,5,1,Final
823202,2026-07-08,SF,TOR,0,10,Final
823279,2026-07-08,SD,ARI,10,4,Final
823360,2026-07-08,PIT,ATL,0,3,Final
823605,2026-07-08,NYM,KC,6,2,Final
823684,2026-07-08,MIN,CLE,6,5,Final
823848,2026-07-08,MIA,SEA,2,0,Final
823928,2026-07-08,LAD,COL,4,3,Final
824253,2026-07-08,DET,OAK,6,1,Final
824496,2026-07-08,CIN,PHI,11,5,Final
824578,2026-07-08,CWS,BOS,0,5,Final
824815,2026-07-08,BAL,CHC,7,9,Final
822877,2026-07-09,TEX,LAA,7,6,Final
822954,2026-07-09,TB,NYY,4,12,Final
823034,2026-07-09,STL,MIL,4,8,Final
823201,2026-07-09,SF,COL,8,2,Final
823277,2026-07-09,SD,ARI,1,3,Final
823359,2026-07-09,PIT,ATL,5,10,Final
823606,2026-07-09,NYM,KC,7,3,Final
823683,2026-07-09,MIN,CLE,2,5,Final
823846,2026-07-09,MIA,SEA,8,4,Final
824251,2026-07-09,DET,OAK,4,1,Final
824494,2026-07-09,CIN,PHI,0,1,Final
824577,2026-07-09,CWS,BOS,1,2,Final
824816,2026-07-09,BAL,CHC,3,2,Final
822709,2026-07-10,WSH,NYY,3,5,Final
822878,2026-07-10,TEX,HOU,7,3,Final
822955,2026-07-10,TB,SEA,7,2,Final
823033,2026-07-10,STL,ATL,2,1,Final
823200,2026-07-10,SF,COL,3,4,Final
823278,2026-07-10,SD,TOR,3,5,Final
823604,2026-07-10,NYM,BOS,2,6,Final
823685,2026-07-10,MIN,LAA,3,4,Final
823845,2026-07-10,MIA,CLE,2,3,Final
823927,2026-07-10,LAD,ARI,3,9,Final
824252,2026-07-10,DET,PHI,10,2,Final
824493,2026-07-10,CIN,CHC,4,0,Final
824575,2026-07-10,CWS,OAK,14,1,Final
824817,2026-07-10,BAL,KC,5,3,Final
822711,2026-07-11,WSH,NYY,2,4,Final
822875,2026-07-11,TEX,HOU,3,9,Final
822953,2026-07-11,TB,SEA,6,1,Final
823030,2026-07-11,STL,ATL,4,1,Final
823198,2026-07-11,SF,COL,4,2,Final
823276,2026-07-11,SD,TOR,8,7,Final
823356,2026-07-11,PIT,MIL,3,2,Final
823357,2026-07-11,PIT,MIL,7,6,Final
823603,2026-07-11,NYM,BOS,0,4,Final
823682,2026-07-11,MIN,LAA,5,3,Final
823844,2026-07-11,MIA,CLE,1,4,Final
823926,2026-07-11,LAD,ARI,2,9,Final
824249,2026-07-11,DET,PHI,2,4,Final
824492,2026-07-11,CIN,CHC,3,5,Final
824576,2026-07-11,CWS,OAK,1,0,Final
824813,2026-07-11,BAL,KC,6,1,Final
822708,2026-07-12,WSH,NYY,3,5,Final
822876,2026-07-12,TEX,HOU,6,5,Final
822951,2026-07-12,TB,SEA,2,8,Final
823029,2026-07-12,STL,ATL,3,4,Final
823199,2026-07-12,SF,COL,3,1,Final
823274,2026-07-12,SD,TOR,5,4,Final
823358,2026-07-12,PIT,MIL,14,5,Final
823602,2026-07-12,NYM,BOS,2,3,Final
823681,2026-07-12,MIN,LAA,4,2,Final
823842,2026-07-12,MIA,CLE,2,5,Final
823925,2026-07-12,LAD,ARI,3,5,Final
824250,2026-07-12,DET,PHI,0,5,Final
824491,2026-07-12,CIN,CHC,4,8,Final
824574,2026-07-12,CWS,OAK,9,1,Final
824814,2026-07-12,BAL,KC,8,2,Final
823443,2026-07-14,160,159,0,4,Final
823440,2026-07-16,PHI,NYM,1,4,Final
822789,2026-07-17,TOR,CWS,4,12,Final
823115,2026-07-17,SEA,SF,0,7,Final
823524,2026-07-17,NYY,LAD,1,2,Final
823766,2026-07-17,MIL,MIA,2,1,Final
824009,2026-07-17,LAA,DET,1,2,Final
824090,2026-07-17,KC,SD,7,6,Final
824170,2026-07-17,HOU,BAL,2,3,Final
824332,2026-07-17,COL,CIN,2,7,Final
824655,2026-07-17,CHC,MIN,2,5,Final
824737,2026-07-17,BOS,TB,5,3,Final
824766,2026-07-17,BOS,TB,10,0,Final
824901,2026-07-17,ATL,TEX,15,1,Final
824981,2026-07-17,OAK,WSH,4,23,Final
825060,2026-07-17,ARI,STL,4,5,Final
822790,2026-07-18,TOR,CWS,1,0,Final
823116,2026-07-18,SEA,SF,4,3,Final
823441,2026-07-18,PHI,NYM,6,1,Final
823763,2026-07-18,MIL,MIA,8,6,Final
824008,2026-07-18,LAA,DET,0,7,Final
824088,2026-07-18,KC,SD,6,1,Final
824169,2026-07-18,HOU,BAL,2,4,Final
824331,2026-07-18,COL,CIN,10,3,Final
824412,2026-07-18,CLE,PIT,5,3,Final
824414,2026-07-18,CLE,PIT,1,7,Final
824657,2026-07-18,CHC,MIN,6,2,Final
824738,2026-07-18,BOS,TB,7,6,Final
824899,2026-07-18,ATL,TEX,6,7,Final
824979,2026-07-18,OAK,WSH,15,1,Final
825059,2026-07-18,ARI,STL,5,3,Final
822786,2026-07-19,TOR,CWS,0,3,Final
823113,2026-07-19,SEA,SF,6,3,Final
823439,2026-07-19,PHI,NYM,1,6,Final
823521,2026-07-19,NYY,LAD,2,1,Final
823523,2026-07-19,NYY,LAD,2,8,Final
823764,2026-07-19,MIL,MIA,3,1,Final
824007,2026-07-19,LAA,DET,3,2,Final
824086,2026-07-19,KC,SD,2,19,Final
824168,2026-07-19,HOU,BAL,2,5,Final
824330,2026-07-19,COL,CIN,6,9,Final
824411,2026-07-19,CLE,PIT,1,7,Final
824653,2026-07-19,CHC,MIN,10,1,Final
824739,2026-07-19,BOS,TB,6,1,Final
824897,2026-07-19,ATL,TEX,8,5,Final
824978,2026-07-19,OAK,WSH,2,5,Final
825057,2026-07-19,ARI,STL,8,7,Final
822788,2026-07-20,TOR,TB,1,7,Final
822874,2026-07-20,TEX,CWS,3,10,Final
823112,2026-07-20,SEA,CIN,8,0,Final
823436,2026-07-20,PHI,LAD,10,7,Final
823522,2026-07-20,NYY,PIT,8,5,Final
823762,2026-07-20,MIL,NYM,8,3,Final
824006,2026-07-20,LAA,STL,3,2,Final
824087,2026-07-20,KC,SF,4,3,Final
824167,2026-07-20,HOU,MIA,8,5,Final
824328,2026-07-20,COL,WSH,3,7,Final
824410,2026-07-20,CLE,MIN,13,4,Final
824654,2026-07-20,CHC,DET,6,8,Final
824736,2026-07-20,BOS,BAL,6,5,Final
824898,2026-07-20,ATL,SD,3,2,Final
825058,2026-07-20,ARI,OAK,2,5,Final
822787,2026-07-21,TOR,TB,2,12,Final
822871,2026-07-21,TEX,CWS,10,0,Final
823114,2026-07-21,SEA,CIN,2,4,Final
823437,2026-07-21,PHI,LAD,1,2,Final
823760,2026-07-21,MIL,NYM,0,4,Final
824005,2026-07-21,LAA,STL,5,1,Final
824085,2026-07-21,KC,SF,3,2,Final
824165,2026-07-21,HOU,MIA,5,3,Final
824329,2026-07-21,COL,WSH,8,7,Final
824409,2026-07-21,CLE,MIN,5,2,Final
824652,2026-07-21,CHC,DET,11,2,Final
824895,2026-07-21,ATL,SD,3,8,Final
825056,2026-07-21,ARI,OAK,6,5,Final
822784,2026-07-22,TOR,TB,2,4,Final
822873,2026-07-22,TEX,CWS,2,4,Final
823110,2026-07-22,SEA,CIN,3,5,Final
823438,2026-07-22,PHI,LAD,5,9,Final
823518,2026-07-22,NYY,PIT,3,5,Final
823519,2026-07-22,NYY,PIT,2,0,Final
823761,2026-07-22,MIL,NYM,4,3,Final
824004,2026-07-22,LAA,STL,0,1,Final
824083,2026-07-22,KC,SF,5,4,Final
824166,2026-07-22,HOU,MIA,5,2,Final
824327,2026-07-22,COL,WSH,0,8,Final
824408,2026-07-22,CLE,MIN,6,10,Final
824650,2026-07-22,CHC,DET,1,5,Final
824732,2026-07-22,BOS,BAL,1,5,Final
824735,2026-07-22,BOS,BAL,6,3,Final
824896,2026-07-22,ATL,SD,7,6,Final
825055,2026-07-22,ARI,OAK,15,5,Final
822785,2026-07-23,TOR,TB,3,1,Final
823042,2026-07-23,STL,ARI,6,10,Final
824247,2026-07-23,DET,KC,4,3,Final
824406,2026-07-23,CLE,MIN,1,3,Final
824893,2026-07-23,ATL,SD,6,5,Final
822707,2026-07-24,WSH,ARI,2,3,Final
822872,2026-07-24,TEX,SEA,5,4,Final
822952,2026-07-24,TB,CLE,11,3,Final
823031,2026-07-24,STL,CIN,2,4,Final
823196,2026-07-24,SF,LAA,7,6,Final
823352,2026-07-24,PIT,CHC,2,3,Final
823434,2026-07-24,PHI,NYY,0,1,Final
823601,2026-07-24,NYM,LAD,2,4,Final
823680,2026-07-24,MIN,OAK,0,2,Final
823759,2026-07-24,MIL,COL,2,5,Final
823843,2026-07-24,MIA,SD,2,4,Final
824248,2026-07-24,DET,KC,2,1,Final
824573,2026-07-24,CWS,HOU,5,9,Final
824733,2026-07-24,BOS,TOR,6,4,Final
824812,2026-07-24,BAL,ATL,6,7,Final
822704,2026-07-25,WSH,ARI,5,3,Final
822869,2026-07-25,TEX,SEA,7,1,Final
822948,2026-07-25,TB,CLE,3,0,Final
823027,2026-07-25,STL,CIN,7,0,Final
823197,2026-07-25,SF,LAA,9,2,Final
823355,2026-07-25,PIT,CHC,0,11,Final
823435,2026-07-25,PHI,NYY,1,3,Final
823600,2026-07-25,NYM,LAD,3,4,Final
823679,2026-07-25,MIN,OAK,2,0,Final
823758,2026-07-25,MIL,COL,8,5,Final
823841,2026-07-25,MIA,SD,2,7,Final
824244,2026-07-25,DET,KC,2,3,Final
824571,2026-07-25,CWS,HOU,1,4,Final
824734,2026-07-25,BOS,TOR,0,6,Final
824811,2026-07-25,BAL,ATL,3,2,Final
822706,2026-07-26,WSH,ARI,10,7,Final
822870,2026-07-26,TEX,SEA,4,6,Final
822950,2026-07-26,TB,CLE,1,0,Final
823028,2026-07-26,STL,CIN,3,5,Final
823194,2026-07-26,SF,LAA,3,4,Final
823354,2026-07-26,PIT,CHC,8,7,Final
823433,2026-07-26,PHI,NYY,11,4,Final
823599,2026-07-26,NYM,LAD,8,3,Final
823678,2026-07-26,MIN,OAK,11,8,Final
823755,2026-07-26,MIL,COL,11,2,Final
823840,2026-07-26,MIA,SD,3,5,Final
824246,2026-07-26,DET,KC,4,5,Final
824572,2026-07-26,CWS,HOU,12,3,Final
824730,2026-07-26,BOS,TOR,6,1,Final
824810,2026-07-26,BAL,ATL,2,3,Final
822705,2026-07-27,WSH,TOR,2,3,Final
822868,2026-07-27,TEX,SEA,7,3,Final
823025,2026-07-27,STL,CHC,3,7,Final
823195,2026-07-27,SF,MIL,3,0,Final
823353,2026-07-27,PIT,ARI,3,2,Final
823597,2026-07-27,NYM,ATL,14,3,Final
823839,2026-07-27,MIA,PHI,8,7,Final
824001,2026-07-27,LAA,HOU,4,6,Final
824245,2026-07-27,DET,BAL,5,8,Final
824570,2026-07-27,CWS,NYY,5,9,Final
824977,2026-07-27,OAK,BOS,2,4,Final
822703,2026-07-28,WSH,TOR,8,6,Final
822949,2026-07-28,TB,TEX,1,4,Final
823026,2026-07-28,STL,CHC,2,10,Final
823193,2026-07-28,SF,MIL,2,8,Final
823275,2026-07-28,SD,COL,8,7,Final
823350,2026-07-28,PIT,ARI,7,8,Final
823676,2026-07-28,MIN,KC,3,2,Final
823838,2026-07-28,MIA,PHI,1,0,Final
823923,2026-07-28,LAD,SEA,6,7,Final
824003,2026-07-28,LAA,HOU,2,3,Final
824243,2026-07-28,DET,BAL,14,0,Final
824489,2026-07-28,CIN,CLE,2,0,Final
824490,2026-07-28,CIN,CLE,5,6,Final
824569,2026-07-28,CWS,NYY,2,3,Final
824976,2026-07-28,OAK,BOS,4,3,Final
822702,2026-07-29,WSH,TOR,2,5,Final
822947,2026-07-29,TB,TEX,3,0,Final
823022,2026-07-29,STL,CHC,3,2,Final
823192,2026-07-29,SF,MIL,16,3,Final
823273,2026-07-29,SD,COL,3,1,Final
823351,2026-07-29,PIT,ARI,0,3,Final
823596,2026-07-29,NYM,ATL,3,2,Final
823598,2026-07-29,NYM,ATL,0,1,Final
823677,2026-07-29,MIN,KC,0,4,Final
823837,2026-07-29,MIA,PHI,8,6,Final
823924,2026-07-29,LAD,SEA,4,2,Final
824002,2026-07-29,LAA,HOU,4,7,Final
824242,2026-07-29,DET,BAL,9,10,Final
824487,2026-07-29,CIN,CLE,1,6,Final
824567,2026-07-29,CWS,NYY,6,5,Final
824973,2026-07-29,OAK,BOS,2,4,Final
822946,2026-07-30,TB,TEX,3,2,Final
823023,2026-07-30,STL,CHC,2,4,Final
823271,2026-07-30,SD,SF,1,4,Final
823595,2026-07-30,NYM,MIA,4,2,Final
823674,2026-07-30,MIN,KC,4,3,Final
823921,2026-07-30,LAD,SEA,6,2,Final
824488,2026-07-30,CIN,PIT,3,2,Final
824568,2026-07-30,CWS,NYY,2,1,Final
824894,2026-07-30,ATL,WSH,5,4,Final
824974,2026-07-30,OAK,BOS,4,5,Final
822782,2026-07-31,TOR,STL,3,1,Final
822945,2026-07-31,TB,CWS,1,6,Final
823111,2026-07-31,SEA,MIN,3,5,Final
823272,2026-07-31,SD,SF,7,0,Final
823593,2026-07-31,NYM,MIA,2,5,Final
823922,2026-07-31,LAD,BOS,4,9,Final
823999,2026-07-31,LAA,MIL,2,6,Final
824164,2026-07-31,HOU,TEX,11,2,Final
824325,2026-07-31,COL,KC,3,1,Final
824407,2026-07-31,CLE,ARI,1,4,Final
824486,2026-07-31,CIN,PIT,8,7,Final
824651,2026-07-31,CHC,NYY,0,2,Final
824809,2026-07-31,BAL,PHI,6,4,Final
824892,2026-07-31,ATL,WSH,6,2,Final
824975,2026-07-31,OAK,DET,1,13,Final
822781,2026-08-01,TOR,STL,5,1,Final
822944,2026-08-01,TB,CWS,1,0,Final
823109,2026-08-01,SEA,MIN,4,3,Final
823269,2026-08-01,SD,SF,6,5,Final
823594,2026-08-01,NYM,MIA,2,6,Final
823920,2026-08-01,LAD,BOS,2,3,Final
824000,2026-08-01,LAA,MIL,1,3,Final
824162,2026-08-01,HOU,TEX,5,4,Final
824326,2026-08-01,COL,KC,12,6,Final
824405,2026-08-01,CLE,ARI,8,12,Final
824485,2026-08-01,CIN,PIT,1,4,Final
824649,2026-08-01,CHC,NYY,5,2,Final
824808,2026-08-01,BAL,PHI,0,5,Final
824890,2026-08-01,ATL,WSH,8,3,Final
824972,2026-08-01,OAK,DET,6,8,Final
822783,2026-08-02,TOR,STL,1,5,Final
822943,2026-08-02,TB,CWS,1,9,Final
823107,2026-08-02,SEA,MIN,7,6,Final
823270,2026-08-02,SD,SF,5,4,Final
823592,2026-08-02,NYM,MIA,0,2,Final
823919,2026-08-02,LAD,BOS,4,8,Final
823996,2026-08-02,LAA,MIL,3,0,Final
824163,2026-08-02,HOU,TEX,7,3,Final
824323,2026-08-02,COL,KC,8,1,Final
824404,2026-08-02,CLE,ARI,5,0,Final
824483,2026-08-02,CIN,PIT,10,2,Final
824648,2026-08-02,CHC,NYY,1,2,Final
824807,2026-08-02,BAL,PHI,0,8,Completed Early
824891,2026-08-02,ATL,WSH,4,2,Final
824971,2026-08-02,OAK,DET,0,11,Final
822867,2026-08-03,TEX,SF,1,5,Final
823431,2026-08-03,PHI,WSH,6,3,Final
823520,2026-08-03,NYY,STL,7,13,Final
823757,2026-08-03,MIL,PIT,3,4,Final
824160,2026-08-03,HOU,TOR,1,3,Final
824324,2026-08-03,COL,TB,9,13,Final
824647,2026-08-03,CHC,LAD,10,5,Final
825095,2026-08-03,ARI,SD,5,1,Final
822865,2026-08-04,TEX,SF,5,4,Final
823108,2026-08-04,SEA,DET,0,8,Final
823432,2026-08-04,PHI,WSH,5,0,Final
823517,2026-08-04,NYY,STL,2,0,Final
823756,2026-08-04,MIL,PIT,4,2,Final
824084,2026-08-04,KC,MIN,8,2,Final
824161,2026-08-04,HOU,TOR,7,2,Final
824321,2026-08-04,COL,TB,7,9,Final
824403,2026-08-04,CLE,NYM,2,6,Final
824484,2026-08-04,CIN,OAK,5,4,Final
824645,2026-08-04,CHC,LAD,5,1,Final
824731,2026-08-04,BOS,CWS,14,2,Final
824805,2026-08-04,BAL,LAA,3,1,Final
824888,2026-08-04,ATL,MIA,4,2,Final
825054,2026-08-04,ARI,SD,4,9,Final
822866,2026-08-05,TEX,SF,6,0,Final
823106,2026-08-05,SEA,DET,4,2,Final
823429,2026-08-05,PHI,WSH,4,10,Final
823516,2026-08-05,NYY,STL,1,3,Final
823753,2026-08-05,MIL,PIT,4,2,Final
824082,2026-08-05,KC,MIN,2,1,Final
824158,2026-08-05,HOU,TOR,4,5,Final
824322,2026-08-05,COL,TB,0,4,Final
824402,2026-08-05,CLE,NYM,5,6,Final
824482,2026-08-05,CIN,OAK,3,2,Final
824646,2026-08-05,CHC,LAD,7,6,Final
824728,2026-08-05,BOS,CWS,4,0,Final
824806,2026-08-05,BAL,LAA,5,2,Final
824889,2026-08-05,ATL,MIA,4,1,Final
825052,2026-08-05,ARI,SD,10,4,Final
823105,2026-08-06,SEA,DET,0,11,Final
823430,2026-08-06,PHI,WSH,7,3,Final
823754,2026-08-06,MIL,PIT,5,2,Final
824080,2026-08-06,KC,MIN,3,4,Final
824401,2026-08-06,CLE,NYM,6,13,Final
824481,2026-08-06,CIN,OAK,6,5,Final
824664,2026-08-06,CHC,TOR,3,2,Final
824729,2026-08-06,BOS,CWS,12,11,Final
824804,2026-08-06,BAL,LAA,1,4,Final
824885,2026-08-06,ATL,MIA,11,3,Final
825053,2026-08-06,ARI,SD,1,5,Final
822699,2026-08-07,WSH,CIN,5,3,Final
822863,2026-08-07,TEX,BAL,2,1,Final
823024,2026-08-07,STL,COL,3,2,Final
823103,2026-08-07,SEA,TB,1,2,Final
823191,2026-08-07,SF,DET,5,2,Final
823266,2026-08-07,SD,HOU,3,6,Final
823349,2026-08-07,PIT,NYM,4,6,Final
823428,2026-08-07,PHI,TOR,4,5,Final
823515,2026-08-07,NYY,ATL,3,2,Final
823750,2026-08-07,MIL,MIN,6,8,Final
823836,2026-08-07,MIA,LAA,3,4,Final
824081,2026-08-07,KC,CHC,4,6,Final
824566,2026-08-07,CWS,CLE,2,8,Final
824727,2026-08-07,BOS,OAK,13,1,Final
825051,2026-08-07,ARI,LAD,4,3,Final
822701,2026-08-08,WSH,CIN,8,2,Final
822864,2026-08-08,TEX,BAL,5,1,Final
823021,2026-08-08,STL,COL,6,8,Final
823102,2026-08-08,SEA,TB,2,3,Final
823188,2026-08-08,SF,DET,0,8,Final
823267,2026-08-08,SD,HOU,3,2,Final
823348,2026-08-08,PIT,NYM,9,0,Final
823426,2026-08-08,PHI,TOR,5,7,Final
823514,2026-08-08,NYY,ATL,5,4,Final
823752,2026-08-08,MIL,MIN,4,3,Final
823834,2026-08-08,MIA,LAA,7,0,Final
824079,2026-08-08,KC,CHC,6,3,Final
824565,2026-08-08,CWS,CLE,6,3,Final
824726,2026-08-08,BOS,OAK,3,7,Final
825049,2026-08-08,ARI,LAD,1,2,Final
822700,2026-08-09,WSH,CIN,7,1,Final
822862,2026-08-09,TEX,BAL,5,10,Final
823020,2026-08-09,STL,COL,7,4,Final
823104,2026-08-09,SEA,TB,1,4,Final
823190,2026-08-09,SF,DET,1,3,Final
823268,2026-08-09,SD,HOU,7,2,Final
823345,2026-08-09,PIT,NYM,1,11,Final
823425,2026-08-09,PHI,TOR,7,6,Final
823513,2026-08-09,NYY,ATL,1,2,Final
823751,2026-08-09,MIL,MIN,4,3,Final
823835,2026-08-09,MIA,LAA,12,3,Final
824078,2026-08-09,KC,CHC,2,10,Final
824564,2026-08-09,CWS,CLE,5,3,Final
824724,2026-08-09,BOS,OAK,3,4,Final
825050,2026-08-09,ARI,LAD,4,2,Final
822780,2026-08-10,TOR,BOS,2,1,Final
823018,2026-08-10,STL,PHI,5,6,Final
823189,2026-08-10,SF,HOU,3,6,Final
823265,2026-08-10,SD,MIL,3,2,Final
823675,2026-08-10,MIN,BAL,9,5,Final
823918,2026-08-10,LAD,KC,6,5,Final
823998,2026-08-10,LAA,TEX,1,4,Final
824887,2026-08-10,ATL,NYM,5,8,Final
824969,2026-08-10,OAK,TB,6,10,Final
825048,2026-08-10,ARI,COL,9,0,Final
822697,2026-08-11,WSH,CHC,6,8,Final
822778,2026-08-11,TOR,BOS,5,3,Final
823019,2026-08-11,STL,PHI,2,0,Final
823186,2026-08-11,SF,HOU,4,1,Final
823264,2026-08-11,SD,MIL,11,2,Final
823512,2026-08-11,NYY,SEA,4,1,Final
823673,2026-08-11,MIN,BAL,2,5,Final
823832,2026-08-11,MIA,PIT,2,0,Final
823917,2026-08-11,LAD,KC,5,4,Final
823997,2026-08-11,LAA,TEX,3,2,Final
824240,2026-08-11,DET,CLE,6,4,Final
824563,2026-08-11,CWS,CIN,4,5,Final
824886,2026-08-11,ATL,NYM,4,0,Final
824970,2026-08-11,OAK,TB,4,12,Final
825046,2026-08-11,ARI,COL,2,3,Final
822698,2026-08-12,WSH,CHC,6,12,Final
822779,2026-08-12,TOR,BOS,6,4,Final
823017,2026-08-12,STL,PHI,7,1,Final
823187,2026-08-12,SF,HOU,1,2,Final
823263,2026-08-12,SD,MIL,4,3,Final
823511,2026-08-12,NYY,SEA,10,5,Final
823672,2026-08-12,MIN,BAL,7,5,Final
823833,2026-08-12,MIA,PIT,8,2,Final
823916,2026-08-12,LAD,KC,4,2,Final
823994,2026-08-12,LAA,TEX,5,2,Final
824241,2026-08-12,DET,CLE,4,6,Final
824562,2026-08-12,CWS,CIN,5,0,Final
824883,2026-08-12,ATL,NYM,6,3,Final
824967,2026-08-12,OAK,TB,4,8,Final
825047,2026-08-12,ARI,COL,4,6,Final
822696,2026-08-13,WSH,CHC,7,0,Final
822776,2026-08-13,TOR,BOS,0,7,Final
823508,2026-08-13,NYY,SEA,0,1,Final
823669,2026-08-13,MIN,PHI,1,7,Final
823829,2026-08-13,MIA,PIT,1,13,Final
823915,2026-08-13,LAD,MIL,4,5,Final
823995,2026-08-13,LAA,TEX,7,0,Final
824238,2026-08-13,DET,CLE,3,0,Final
824561,2026-08-13,CWS,CIN,8,9,Final
822777,2026-08-14,TOR,NYY,3,1,Final
822942,2026-08-14,TB,BAL,5,6,Final
823185,2026-08-14,SF,COL,2,5,Final
823346,2026-08-14,PIT,BOS,8,4,Final
823591,2026-08-14,NYM,WSH,4,1,Final
823913,2026-08-14,LAD,MIL,3,1,Final
823993,2026-08-14,LAA,KC,6,7,Final
824159,2026-08-14,HOU,SEA,10,7,Final
824237,2026-08-14,DET,CWS,5,9,Final
824399,2026-08-14,CLE,SD,5,7,Final
824479,2026-08-14,CIN,MIA,1,0,Final
824643,2026-08-14,CHC,STL,3,0,Final
824882,2026-08-14,ATL,ARI,0,2,Final
824968,2026-08-14,OAK,TEX,8,3,Final
822775,2026-08-15,TOR,NYY,4,1,Final
822941,2026-08-15,TB,BAL,3,4,Final
823184,2026-08-15,SF,COL,7,1,Final
823347,2026-08-15,PIT,BOS,0,4,Final
823588,2026-08-15,NYM,WSH,5,4,Final
823671,2026-08-15,MIN,PHI,1,9,Final
823914,2026-08-15,LAD,MIL,1,4,Final
823990,2026-08-15,LAA,KC,1,0,Final
824157,2026-08-15,HOU,SEA,5,10,Final
824239,2026-08-15,DET,CWS,3,4,Final
824400,2026-08-15,CLE,SD,6,1,Final
824480,2026-08-15,CIN,MIA,4,8,Final
824644,2026-08-15,CHC,STL,4,8,Final
824884,2026-08-15,ATL,ARI,3,10,Final
824966,2026-08-15,OAK,TEX,3,5,Final
822774,2026-08-16,TOR,NYY,3,4,Final
822940,2026-08-16,TB,BAL,2,10,Final
823182,2026-08-16,SF,COL,7,13,Final
823344,2026-08-16,PIT,BOS,8,3,Final
823590,2026-08-16,NYM,WSH,4,3,Final
823670,2026-08-16,MIN,PHI,5,7,Final
823912,2026-08-16,LAD,MIL,2,6,Final
823991,2026-08-16,LAA,KC,0,3,Final
824156,2026-08-16,HOU,SEA,2,3,Final
824236,2026-08-16,DET,CWS,5,7,Final
824397,2026-08-16,CLE,SD,0,5,Final
824477,2026-08-16,CIN,MIA,1,7,Final
824642,2026-08-16,CHC,STL,4,11,Final
824880,2026-08-16,ATL,ARI,5,3,Final
824965,2026-08-16,OAK,TEX,5,2,Final
822939,2026-08-17,TB,BAL,7,6,Final
823343,2026-08-17,PIT,DET,5,8,Final
823427,2026-08-17,PHI,MIA,6,5,Final
823589,2026-08-17,NYM,SD,2,1,Final
823668,2026-08-17,MIN,ATL,4,2,Final
824077,2026-08-17,KC,OAK,9,5,Final
824320,2026-08-17,COL,LAD,5,11,Final
824478,2026-08-17,CIN,STL,6,5,Final
824514,2026-08-17,CIN,STL,1,2,Final
824641,2026-08-17,CHC,CWS,7,5,Final
824725,2026-08-17,BOS,ARI,11,1,Final
822859,2026-08-18,TEX,WSH,5,0,Final
822938,2026-08-18,TB,TOR,5,10,Final
823341,2026-08-18,PIT,DET,4,1,Final
823423,2026-08-18,PHI,MIA,6,4,Final
823586,2026-08-18,NYM,SD,2,5,Final
823667,2026-08-18,MIN,ATL,4,1,Final
823749,2026-08-18,MIL,SEA,22,0,Final
824075,2026-08-18,KC,OAK,4,3,Final
824154,2026-08-18,HOU,LAA,1,3,Final
824319,2026-08-18,COL,LAD,6,7,Final
824398,2026-08-18,CLE,SF,8,1,Final
824475,2026-08-18,CIN,STL,0,3,Final
824639,2026-08-18,CHC,CWS,4,3,Final
824723,2026-08-18,BOS,ARI,9,4,Final
824803,2026-08-18,BAL,NYY,1,3,Final
822860,2026-08-19,TEX,WSH,0,6,Final
822937,2026-08-19,TB,TOR,7,6,Final
823342,2026-08-19,PIT,DET,4,3,Final
823424,2026-08-19,PHI,MIA,4,1,Final
823587,2026-08-19,NYM,SD,4,2,Final
823664,2026-08-19,MIN,ATL,6,4,Final
823748,2026-08-19,MIL,SEA,5,7,Final
824076,2026-08-19,KC,OAK,9,7,Final
824155,2026-08-19,HOU,LAA,3,2,Final
824318,2026-08-19,COL,LAD,4,6,Final
824394,2026-08-19,CLE,SF,0,1,Final
824476,2026-08-19,CIN,STL,5,4,Final
824640,2026-08-19,CHC,CWS,0,3,Final
824722,2026-08-19,BOS,ARI,6,7,Final
824801,2026-08-19,BAL,NYY,3,5,Final
822861,2026-08-20,TEX,WSH,2,0,Final
822934,2026-08-20,TB,TOR,1,5,Final
823747,2026-08-20,MIL,SEA,7,4,Final
824074,2026-08-20,KC,OAK,6,2,Final
824153,2026-08-20,HOU,LAA,3,18,Final
824395,2026-08-20,CLE,SF,5,2,Final
824474,2026-08-20,CIN,STL,9,10,Final
824589,2026-08-20,CWS,ATL,0,2,Final
824802,2026-08-20,BAL,NYY,1,6,Final
822857,2026-08-21,TEX,LAA,2,1,Final
823101,2026-08-21,SEA,CHC,6,5,Final
823262,2026-08-21,SD,MIN,6,2,Final
823420,2026-08-21,PHI,STL,7,6,Final
823510,2026-08-21,NYY,TOR,3,1,Final
823746,2026-08-21,MIL,ATL,2,1,Final
823830,2026-08-21,MIA,WSH,3,2,Final
823911,2026-08-21,LAD,PIT,5,4,Final
824072,2026-08-21,KC,DET,5,2,Final
824152,2026-08-21,HOU,OAK,4,0,Final
824317,2026-08-21,COL,CLE,1,9,Final
824559,2026-08-21,CWS,NYM,6,4,Final
824721,2026-08-21,BOS,SF,6,4,Final
824800,2026-08-21,BAL,TB,5,3,Final
825045,2026-08-21,ARI,CIN,9,0,Final
822858,2026-08-22,TEX,LAA,0,3,Final
823100,2026-08-22,SEA,CHC,5,4,Final
823261,2026-08-22,SD,MIN,7,5,Final
823422,2026-08-22,PHI,STL,12,3,Final
823509,2026-08-22,NYY,TOR,3,4,Final
823743,2026-08-22,MIL,ATL,4,1,Final
823831,2026-08-22,MIA,WSH,4,2,Final
823910,2026-08-22,LAD,PIT,4,3,Final
824073,2026-08-22,KC,DET,3,1,Final
824151,2026-08-22,HOU,OAK,3,4,Final
824316,2026-08-22,COL,CLE,3,4,Final
824560,2026-08-22,CWS,NYM,5,10,Final
824718,2026-08-22,BOS,SF,3,2,Final
824798,2026-08-22,BAL,TB,3,2,Final
825044,2026-08-22,ARI,CIN,5,11,Final
822856,2026-08-23,TEX,LAA,5,3,Final
823099,2026-08-23,SEA,CHC,2,19,Final
823258,2026-08-23,SD,MIN,8,1,Final
823421,2026-08-23,PHI,STL,6,4,Final
823507,2026-08-23,NYY,TOR,8,3,Final
823745,2026-08-23,MIL,ATL,2,4,Final
823827,2026-08-23,MIA,WSH,6,2,Final
823909,2026-08-23,LAD,PIT,4,0,Final
824071,2026-08-23,KC,DET,11,7,Final
824150,2026-08-23,HOU,OAK,6,7,Final
824315,2026-08-23,COL,CLE,2,7,Final
824558,2026-08-23,CWS,NYM,2,1,Final
824720,2026-08-23,BOS,SF,5,4,Final
824799,2026-08-23,BAL,TB,1,3,Final
825043,2026-08-23,ARI,CIN,5,3,Final
822695,2026-08-24,WSH,COL,13,3,Final
823097,2026-08-24,SEA,PHI,9,2,Final
823183,2026-08-24,SF,CIN,5,0,Final
823260,2026-08-24,SD,PIT,2,3,Final
823828,2026-08-24,MIA,BOS,2,4,Final
823992,2026-08-24,LAA,CLE,2,4,Final
824235,2026-08-24,DET,TB,1,4,Final
824557,2026-08-24,CWS,TEX,2,11,Final
824964,2026-08-24,OAK,MIN,6,9,Final
825041,2026-08-24,ARI,CHC,0,7,Final
822693,2026-08-25,WSH,COL,1,3,Final
822773,2026-08-25,TOR,KC,3,5,Final
823016,2026-08-25,STL,BAL,1,13,Final
823098,2026-08-25,SEA,PHI,4,1,Final
823181,2026-08-25,SF,CIN,3,1,Final
823259,2026-08-25,SD,PIT,0,1,Final
823505,2026-08-25,NYY,HOU,7,9,Final
823585,2026-08-25,NYM,MIL,3,2,Final
823826,2026-08-25,MIA,BOS,3,7,Final
823989,2026-08-25,LAA,CLE,6,8,Final
824233,2026-08-25,DET,TB,4,1,Final
824556,2026-08-25,CWS,TEX,11,7,Final
824881,2026-08-25,ATL,LAD,4,3,Final
824962,2026-08-25,OAK,MIN,4,2,Final
825042,2026-08-25,ARI,CHC,5,4,Final
822692,2026-08-26,WSH,COL,1,13,Final
822772,2026-08-26,TOR,KC,3,0,Final
823015,2026-08-26,STL,BAL,7,8,Final
823096,2026-08-26,SEA,PHI,0,6,Final
823180,2026-08-26,SF,CIN,9,10,Final
823255,2026-08-26,SD,PIT,3,0,Final
823506,2026-08-26,NYY,HOU,9,3,Final
823584,2026-08-26,NYM,MIL,1,8,Final
823825,2026-08-26,MIA,BOS,4,0,Final
823988,2026-08-26,LAA,CLE,3,4,Final
824234,2026-08-26,DET,TB,0,3,Final
824555,2026-08-26,CWS,TEX,10,4,Final
824878,2026-08-26,ATL,LAD,6,5,Final
824963,2026-08-26,OAK,MIN,7,4,Final
825039,2026-08-26,ARI,CHC,2,0,Final
822694,2026-08-27,WSH,COL,7,1,Final
822771,2026-08-27,TOR,KC,2,13,Final
823014,2026-08-27,STL,BAL,7,5,Final
823179,2026-08-27,SF,ARI,6,1,Final
823503,2026-08-27,NYY,HOU,1,5,Final
823581,2026-08-27,NYM,MIL,2,8,Final
824879,2026-08-27,ATL,LAD,1,0,Final
822691,2026-08-28,WSH,MIA,9,2,Final
822769,2026-08-28,TOR,SEA,8,1,Final
822935,2026-08-28,TB,SD,9,4,Final
823013,2026-08-28,STL,PIT,4,1,Final
823178,2026-08-28,SF,ARI,6,10,Final
823504,2026-08-28,NYY,BOS,1,0,Final
823583,2026-08-28,NYM,HOU,1,3,Final
823666,2026-08-28,MIN,CWS,4,7,Final
823744,2026-08-28,MIL,TEX,6,1,Final
823985,2026-08-28,LAA,PHI,3,5,Final
824231,2026-08-28,DET,LAD,1,2,Final
824396,2026-08-28,CLE,KC,0,3,Final
824638,2026-08-28,CHC,CIN,8,10,Final
824877,2026-08-28,ATL,COL,6,4,Final
824960,2026-08-28,OAK,BAL,3,4,Final
822690,2026-08-29,WSH,MIA,5,4,Final
822770,2026-08-29,TOR,SEA,4,3,Final
822936,2026-08-29,TB,SD,7,6,Final
823011,2026-08-29,STL,PIT,2,6,Final
823176,2026-08-29,SF,ARI,7,2,Final
823177,2026-08-29,SF,ARI,1,7,Final
823501,2026-08-29,NYY,BOS,9,2,Final
823539,2026-08-29,NYY,BOS,0,6,Final
823582,2026-08-29,NYM,HOU,6,2,Final
823665,2026-08-29,MIN,CWS,2,3,Final
823741,2026-08-29,MIL,TEX,5,3,Final
823986,2026-08-29,LAA,PHI,2,4,Final
824230,2026-08-29,DET,LAD,2,1,Final
824392,2026-08-29,CLE,KC,3,8,Final
824637,2026-08-29,CHC,CIN,17,5,Final
824874,2026-08-29,ATL,COL,2,1,Final
824961,2026-08-29,OAK,BAL,3,5,Final
822688,2026-08-30,WSH,MIA,2,6,Final
822766,2026-08-30,TOR,SEA,7,0,Final
822933,2026-08-30,TB,SD,5,4,Final
823010,2026-08-30,STL,PIT,4,5,Final
823502,2026-08-30,NYY,BOS,16,1,Final
823580,2026-08-30,NYM,HOU,3,6,Final
823662,2026-08-30,MIN,CWS,5,1,Final
823740,2026-08-30,MIL,TEX,4,7,Final
823987,2026-08-30,LAA,PHI,2,5,Final
824232,2026-08-30,DET,LAD,1,6,Final
824393,2026-08-30,CLE,KC,11,1,Final
824636,2026-08-30,CHC,CIN,5,7,Final
824876,2026-08-30,ATL,COL,3,2,Final
824959,2026-08-30,OAK,BAL,5,8,Final
822689,2026-08-31,WSH,MIA,6,3,Final
822855,2026-08-31,TEX,OAK,8,1,Final
822932,2026-08-31,TB,NYM,2,3,Final
823663,2026-08-31,MIN,DET,11,1,Final
823982,2026-08-31,LAA,NYY,10,1,Final
824149,2026-08-31,HOU,CWS,6,3,Final
824314,2026-08-31,COL,BAL,1,2,Final
824473,2026-08-31,CIN,SD,0,5,Final
824635,2026-08-31,CHC,MIL,17,3,Final
824719,2026-08-31,BOS,SEA,9,8,Final
824911,2026-08-31,ATL,SF,3,7,Final
825040,2026-08-31,ARI,PHI,1,2,Final
822687,2026-09-01,WSH,ATL,9,5,Final
822854,2026-09-01,TEX,OAK,8,5,Final
822929,2026-09-01,TB,NYM,6,2,Final
823340,2026-09-01,PIT,SF,13,12,Final
823661,2026-09-01,MIN,DET,15,2,Final
823908,2026-09-01,LAD,STL,8,13,Final
823984,2026-09-01,LAA,NYY,3,7,Final
824070,2026-09-01,KC,MIA,3,6,Final
824148,2026-09-01,HOU,CWS,1,5,Final
824313,2026-09-01,COL,BAL,4,2,Final
824391,2026-09-01,CLE,TOR,6,1,Final
824472,2026-09-01,CIN,SD,4,3,Final
824633,2026-09-01,CHC,MIL,4,9,Final
824716,2026-09-01,BOS,SEA,6,9,Final
825038,2026-09-01,ARI,PHI,1,7,Final
822686,2026-09-02,WSH,ATL,0,9,Final
822851,2026-09-02,TEX,OAK,2,9,Final
822931,2026-09-02,TB,NYM,4,10,Final
823339,2026-09-02,PIT,SF,4,5,Final
823660,2026-09-02,MIN,DET,6,11,Final
823906,2026-09-02,LAD,STL,5,5,In Progress
823983,2026-09-02,LAA,NYY,3,6,Game Over
824068,2026-09-02,KC,MIA,6,9,Final
824147,2026-09-02,HOU,CWS,2,0,Final
824312,2026-09-02,COL,BAL,6,5,Final
824390,2026-09-02,CLE,TOR,0,11,Final
824470,2026-09-02,CIN,SD,7,3,Final
824634,2026-09-02,CHC,MIL,5,9,Final
824717,2026-09-02,BOS,SEA,3,8,Final
825037,2026-09-02,ARI,PHI,1,0,Final
822853,2026-09-03,TEX,TB,,,Scheduled
823095,2026-09-03,SEA,OAK,,,Scheduled
823337,2026-09-03,PIT,SF,,,Scheduled
823907,2026-09-03,LAD,STL,,,Scheduled
824069,2026-09-03,KC,MIA,,,Scheduled
824144,2026-09-03,HOU,CWS,,,Scheduled
824388,2026-09-03,CLE,TOR,,,Scheduled
824632,2026-09-03,CHC,MIL,,,Scheduled
824796,2026-09-03,BAL,BOS,,,Scheduled
824424,2026-09-04,CLE,DET,,,Postponed
823543,2026-09-22,NYY,TB,,,Postponed
